3.669014362373798632e-02,-7.874916153724751400e-01,6.917157413983588965e-01,-2.790508848248106008e-02,5.910545888573232043e-03,-4.109084004103513363e-03,3.249659682765166507e-02,7.544031624842169048e-01,6.340196397569439757e-01,-5.295662928109216155e-02,1.261732313368055421e-02,-1.305936562894570614e-02,1.846184008049242820e-01,9.106630267518940336e-01,4.051156092171709910e-01,-2.633142952967171616e-02,6.210481277619943861e-03,1.556519787720959773e-02,3.214789496527777346e-01,8.582480074179292817e-01,3.716202552872469589e-01,-1.740149295691287984e-02,-9.487575954861104943e-03,1.010285965119949413e-02,2.130866773200758013e-01,9.471595841224746959e-01,1.277792574179294482e-01,-3.466242009943182323e-02,9.834983132102266892e-03,-2.181852706755050067e-03
-2.444071228250910000e-01,-6.377015725160261050e-01,8.059663318452383596e-01,-2.521758027129121157e-02,5.961994548420337763e-03,-1.095882876888735688e-02,1.001030219780221775e-01,8.986521291208785511e-01,3.995866600847064465e-01,-5.644209306318680175e-02,8.055522764995420165e-03,-1.338793855883700472e-02,2.150628505608975227e-01,9.615885416666662966e-01,1.332274496336990632e-01,-2.889869326636904795e-02,2.083020332532050170e-03,1.626083877060437860e-02,3.950812371222526265e-01,9.065361721611722157e-01,1.123386704441385747e-01,-2.104684459420787593e-02,-1.255267356341574839e-02,1.068562378376831414e-02,2.741216303228022344e-01,9.369786300938645063e-01,-1.499846182463371591e-01,-3.797772865155678301e-02,6.417410714285709701e-03,-1.192309480883692579e-03
-3.728569878472222099e-01,-6.179470486111111605e-01,8.171115451388888395e-01,-4.612223307291667129e-02,1.143391927083333218e-02,-1.044379340277777797e-02,1.655273437500000000e-01,-9.933268229166671848e-01,2.148437500000000000e-01,-5.625406901041666435e-02,1.824273003472222029e-02,-2.934434678819444059e-02,2.377929687500000000e-01,1.123860677083332593e-01,-9.149848090277776236e-02,-3.466118706597222376e-02,6.388346354166667823e-03,-2.041286892361111882e-03,4.576280381944444198e-01,9.267578125000000000e-01,-6.423611111111107719e-02,-2.616373697916666782e-02,-6.578233506944445794e-03,-8.958604600694442324e-03,3.239474826388888951e-01,9.212239583333333703e-01,-3.485514322916666852e-01,-4.564073350694444753e-02,8.036295572916667823e-03,-2.071804470486110841e-02
-2.421264648437500000e-01,-6.722778320312500222e-01,8.205566406250000000e-01,-2.500610351562499931e-02,2.208251953125000763e-02,-4.983520507812501214e-03,7.580566406250000000e-02,9.611938476562500444e-01,3.489868164062499556e-01,-4.175415039062499445e-02,1.647949218749998265e-03,-1.511230468749999965e-02,1.819335937499999833e-01,-9.919921875000003997e-01,7.154541015625007216e-02,-1.751403808593749931e-02,-6.475830078125002255e-03,1.205749511718750243e-02,3.787597656250000222e-01,9.470092773437499556e-01,1.128662109375000305e-01,-1.312866210937499965e-02,-2.434387207031249445e-02,5.938720703125002429e-03,2.430664062500000056e-01,9.722534179687499778e-01,-1.777954101562500278e-01,-3.042297363281250278e-02,-5.780029296875005378e-03,-2.413940429687499393e-03
-4.730613140166479158e-01,-3.159785905756207769e-01,8.913149865970655394e-01,-2.789003531496896462e-02,3.567456660905759906e-03,-8.378211854542979556e-04,-1.318408974675507606e-01,-7.812373245273700473e-01,5.261577666478556292e-01,-5.093487121719808552e-02,1.669111746966703280e-02,-1.565544868968679268e-02,1.570446970231376971e-01,-8.916743086907449323e-01,5.035623589164784919e-01,-2.566480098405756610e-02,9.069851774125291949e-03,1.267492152229119859e-02,-2.874962524689615370e-02,-8.995204262485891888e-01,4.186014214164786584e-01,-1.545457000387980007e-02,-6.163861896867937201e-03,7.276272397009029246e-03,1.574817252751128382e-01,-9.736763499929463883e-01,1.612424828936229182e-01,-3.284945175825338542e-02,1.206897881983635783e-02,-5.903601377327887326e-03
-3.957408558238635909e-01,-3.754605379971590606e-01,9.240001331676135354e-01,-2.824818004261363605e-02,5.659623579545424582e-04,-5.966186523437499133e-03,-1.311867453835227348e-01,-8.410311612215909394e-01,4.498401988636364091e-01,-5.855768377130683017e-02,1.853942871093750000e-02,-1.569713245738636048e-02,1.305874911221590606e-01,-9.009011008522727071e-01,4.153220436789771819e-01,-3.193803267045455113e-02,1.150096546519886395e-02,1.541692560369318198e-02,-6.704989346590908839e-02,-9.412453391335228181e-01,3.464688387784090606e-01,-2.143998579545455113e-02,-3.415194424715909012e-03,9.296764026988637783e-03,1.597900390625000000e-01,9.954501065340909394e-01,5.524236505681824616e-02,-3.688326748934659532e-02,1.512978293678977210e-02,-4.409790039062498265e-03
-3.611537388392856984e-01,-2.373395647321428492e-01,-9.949428013392861425e-01,-1.378522600446428943e-02,1.573835100446428076e-02,8.762904575892856152e-03,-6.096540178571428770e-02,-8.499232700892856984e-01,4.475097656250000000e-01,-4.063197544642857539e-02,5.187988281250000000e-03,-2.220807756696428770e-02,1.987653459821428492e-01,-9.455915178571429047e-01,3.929966517857143016e-01,-1.624407087053571577e-02,3.487723214285788631e-05,-9.940011160714280758e-04,1.831054687500000694e-02,-9.669015066964286031e-01,2.776576450892856984e-01,-8.135114397321429811e-03,-1.789202008928571230e-02,-5.667550223214285095e-03,2.375837053571428492e-01,-9.861188616071427937e-01,5.329241071428571230e-02,-2.020263671875000347e-02,6.391252790178571057e-03,-1.852852957589285615e-02
-3.186035156250000000e-01,-3.201497395833333148e-01,-9.926350911458338144e-01,-2.585856119791666782e-02,-1.028442382812500173e-02,-4.334513346354166435e-02,-1.126708984375000000e-01,-8.595784505208333703e-01,4.228922526041666852e-01,-7.969156901041667129e-02,3.770955403645832871e-02,-2.069091796875000000e-02,1.463623046875000000e-01,-9.640706380208333703e-01,3.681233723958333148e-01,-5.985514322916667129e-02,2.792358398437500000e-02,1.992797851562500000e-02,-4.239908854166666435e-02,-9.757486979166666297e-01,2.656656901041666297e-01,-4.773966471354167129e-02,1.994832356770833218e-02,1.165771484375000000e-02,1.899007161458333426e-01,9.940999348958335924e-01,9.195963541666657415e-03,-7.843017578125000000e-02,2.790323893229166435e-02,-6.703694661458333044e-03
-9.270680147058824039e-01,-2.461368336397058709e-01,8.878963694852957944e-02,-3.046803193933823178e-02,8.537023207720583276e-03,-5.834242876838237335e-03,-1.744054457720586315e-01,1.821863511029411520e-01,9.315286075367646967e-01,-5.758056640624999861e-02,2.344611672794117904e-02,-1.751062729779412006e-02,2.407714843749998168e-01,2.687614889705882137e-01,9.858886718749985123e-01,-3.346162683823530187e-02,1.487965303308823491e-02,1.237146714154411554e-02,3.673914292279412130e-01,5.666934742647095069e-03,9.219152113970587870e-01,-2.152099609375000139e-02,6.534352022058845851e-04,8.811322380514706454e-03,2.502872242647060652e-01,1.987534466911764774e-01,9.219209558823528994e-01,-4.040599149816176405e-02,2.182760799632352602e-02,-7.229434742647056558e-03
-9.125773111979166297e-01,-2.400365369073275690e-01,-8.326668574892234775e-02,-2.875510029409123272e-02,1.033844344917385014e-02,-3.074032136763653333e-03,-3.206590674389367401e-01,1.598882565553161328e-01,8.954636146282327624e-01,-5.236395474137930939e-02,2.310864678744612224e-02,-1.483961083423132252e-02,9.365458872126433687e-02,1.841213182471263532e-01,-9.703867243624305639e-01,-2.756772096129669891e-02,1.719314750583692680e-02,1.279966858611709599e-02,2.312081874102011325e-01,-4.695146933369248599e-02,9.638861294450435935e-01,-1.970558604974856701e-02,1.482733364762932283e-03,8.853430035470547313e-03,8.800848599137932327e-02,1.316998361170975684e-01,9.305651434536635902e-01,-3.745138234105602898e-02,2.399505966011135014e-02,-6.741052386404453554e-03
-9.009254092261904656e-01,-2.909458705357142461e-01,-1.488444010416666297e-01,-2.436755952380952397e-02,1.363118489583333565e-02,1.540411086309520505e-04,-3.952636718750000000e-01,1.976143973214285754e-01,8.811848958333333703e-01,-5.276343936011904795e-02,2.342878069196428770e-02,-1.781063988095238360e-02,2.604166666666629659e-03,2.427804129464285754e-01,-5.806012834821427937e-01,-3.161911737351190410e-02,1.626150948660714385e-02,8.722214471726188328e-03,1.511230468750000000e-01,-2.556501116071428770e-02,-9.914550781249994449e-01,-2.443440755208333565e-02,3.586542038690477326e-03,4.914783296130953785e-03,1.331147693452382208e-02,1.662248883928571508e-01,6.962541852678569843e-01,-4.641287667410713691e-02,2.397519066220238013e-02,-1.313127790178571230e-02
-8.667576002038043237e-01,-2.872049082880434590e-01,-2.375912873641305434e-01,-1.959493885869564161e-02,1.279615319293478382e-02,-8.177384086277177458e-03,-4.901653787364128601e-01,2.369809358016304879e-01,7.917745838994564300e-01,-5.198735776154891214e-02,2.335125467051630405e-02,-1.647285793138587168e-02,-1.648586107336957873e-01,2.690748131793478382e-01,9.692011294157621970e-01,-2.771924889605978382e-02,1.588373598845108786e-02,1.114024286684782428e-02,2.012037194293483933e-02,3.032120414402177805e-02,9.774488366168477826e-01,-1.724906589673913179e-02,9.301227072010866690e-04,8.195960003396739885e-03,-1.481509001358693456e-01,1.813805621603261087e-01,9.284508746603260532e-01,-3.564851180366847977e-02,1.926455290421195954e-02,-7.223378057065217052e-03
-8.051477651127049162e-01,-4.013051517674179891e-01,4.501132652407788814e-01,-2.617157482710040853e-02,6.738881595799179475e-03,1.452336545850404191e-03,-1.755871381915983798e-01,-7.015721055327869271e-01,6.245937660092212296e-01,-5.208950355404712990e-02,2.089103323514344274e-02,-8.318791623975405058e-03,2.334744813012294418e-01,5.244821016905738542e-01,8.793384989754098324e-01,-1.802388175589140357e-02,1.525728819800204784e-02,8.029625064036890678e-03,5.226250320184424591e-01,2.708299980788935191e-01,8.164282626793032405e-01,-1.441630379098361378e-02,-2.819624103483602939e-03,4.148389472336064948e-03,1.864814132940575131e-01,5.137899430071721785e-01,8.112372726690574298e-01,-2.810168657146516757e-02,2.303776975537909569e-02,-1.150862897028688200e-02
-8.581930855724300145e-01,-3.971392194801401376e-01,2.738299503504675880e-01,-2.452757648218457931e-02,5.232481198890186203e-03,-1.916617990654206471e-03,-2.514397451810747031e-01,-6.926976854556075036e-01,6.035430052570093240e-01,-4.667135933849299312e-02,1.881194783148364483e-02,-1.199255257009345516e-02,6.557115216121491008e-02,5.807671948014019314e-01,8.502710645443924964e-01,-2.123567099883177239e-02,1.105192665741822067e-02,1.020770206629673105e-02,3.635847145151868132e-01,3.370829074182243312e-01,8.617068852219627040e-01,-2.024256626022196554e-02,-3.295328015478972417e-03,6.747522086740653444e-03,4.624525408878500665e-02,5.936313522196262626e-01,7.608129198306075036e-01,-3.209080205899533106e-02,1.704078745619158619e-02,-7.232951226635512057e-03
-8.051462216227579516e-01,-4.375492660454035621e-01,4.030717926709642129e-01,-2.684917364419842772e-02,4.793038817264574057e-03,-4.658378293161428638e-03,-2.147200374859865590e-01,-7.223409473094170030e-01,5.850616591928250454e-01,-5.196774059346973701e-02,2.319199087373878879e-02,-6.986472638733179710e-03,1.581429109445067205e-01,5.560111144198430777e-01,8.651763505465246418e-01,-2.377333020950113049e-02,1.336998362177690275e-02,6.146760264854259428e-03,4.732780969730941978e-01,2.977300395880044248e-01,8.290413484445067205e-01,-2.073607851036995964e-02,-1.149267359164797119e-03,4.293809557174886951e-03,1.536805020319507165e-01,5.407123651205157921e-01,7.955732816003363572e-01,-3.508645643567825934e-02,2.200659508127802283e-02,-1.397759818175448032e-02
-8.598531087239583703e-01,-3.691050211588541297e-01,3.303985595703125000e-01,-2.435938517252603935e-02,4.118601481119791088e-03,-5.045572916666669558e-03,-2.159322102864583426e-01,-6.890462239583333703e-01,6.255187988281250000e-01,-4.331334431966146065e-02,2.101643880208333218e-02,-7.644653320312500000e-03,1.532897949218750000e-01,5.896708170572917407e-01,8.487854003906250000e-01,-1.793416341145833218e-02,1.403299967447916609e-02,6.533304850260417823e-03,5.671081542968748890e-01,3.587900797526041852e-01,7.513275146484376110e-01,-1.911544799804687500e-02,-1.930236816406250434e-03,4.815419514973958044e-03,1.757507324218749722e-01,5.733032226562500000e-01,7.737579345703125000e-01,-3.133265177408853935e-02,2.484258015950520718e-02,-1.091893513997395718e-02
-8.105985660118077973e-01,-3.599921111563498394e-02,6.122068722007328878e-01,-2.772487180629073372e-02,5.189777585504914970e-03,-4.421967248574943353e-03,-2.609012367671010857e-01,4.452608089881920916e-01,8.271619566877034258e-01,-4.911759466612378860e-02,1.488919832807410540e-02,-1.384026841154314437e-02,1.152144938416123782e-01,5.640332349348534668e-01,8.623174114413678648e-01,-2.248837349857492687e-02,8.204357631820036190e-03,1.191557346803747038e-02,2.718136069828989143e-01,4.286107364617264825e-01,8.487505089576545814e-01,-1.244620158540309801e-02,-8.002762685769534978e-03,6.631956814942980769e-03,4.387612606881109711e-02,7.453963189637620168e-01,6.115253460912054573e-01,-3.114184649837133459e-02,1.121953411288681250e-02,-5.956991487683235831e-03
-8.744506835937500000e-01,3.600565592447914354e-02,4.927266438802083148e-01,-3.158315022786458565e-02,1.730600992838538486e-03,8.138020833333282737e-05,-1.120045979817709536e-01,8.226725260416665186e-01,5.433654785156247780e-01,-5.330912272135416435e-02,1.653035481770833565e-02,-1.268259684244791609e-02,9.898376464843750000e-02,8.657582600911457593e-01,5.221862792968747780e-01,-2.601369222005208912e-02,1.035181681315104456e-02,1.571528116861979282e-02,2.813110351562500000e-01,5.011088053385416297e-01,8.031158447265625000e-01,-1.196034749348958391e-02,-7.570902506510416088e-03,1.260503133138020891e-02,7.678222656250001388e-02,8.679758707682292407e-01,3.273417154947917407e-01,-3.380711873372395371e-02,1.413218180338541435e-02,-2.297719319661458912e-03
-7.288906451353093230e-01,1.163544015786084490e-01,7.212039908182990011e-01,-4.048329776095362098e-02,1.998366523034793979e-02,7.076931982925256659e-03,-1.763349710051547448e-01,2.744065117590204217e-01,9.197809278350512763e-01,-4.118866281411084906e-02,7.851512161726810490e-03,-6.572920022551541688e-03,1.965256523840205327e-01,5.172609938788659267e-01,8.868571802512885682e-01,-1.198302593427835912e-02,3.267583158827322941e-03,1.670916055895618757e-02,3.681237918814430632e-01,3.403773356958761931e-01,8.659919660115977802e-01,-3.920093025128870701e-03,-1.539407317171392203e-02,1.159605045908505133e-02,1.432526578608248613e-01,7.271514577963917869e-01,6.396987757731957824e-01,-2.353943500322164956e-02,8.892255960051555566e-03,3.366372019974190992e-04
-9.167277018229166297e-01,-4.356892903645835646e-02,3.613993326822916297e-01,-3.310521443684896065e-02,5.736033121744791088e-03,-2.441406250000000000e-03,-2.559000651041666297e-01,6.243896484374998890e-01,7.075958251953123890e-01,-4.940032958984375000e-02,1.304880777994791609e-02,-7.563273111979168691e-03,5.640665690104169905e-02,8.000742594401041297e-01,6.158701578776040186e-01,-1.694997151692708565e-02,7.673899332682291956e-03,2.003224690755208218e-02,2.478434244791666574e-01,7.353159586588539076e-01,6.090545654296875000e-01,-7.442474365234376735e-03,-1.219813028971354282e-02,1.462554931640625000e-02,-1.363118489583370341e-03,9.253692626953123890e-01,2.694854736328126665e-01,-2.568054199218750000e-02,1.371637980143229109e-02,4.046122233072910884e-03
4.633042065065299253e-01,1.335850046641788580e-02,-9.814708197294794711e-01,-2.462358617070895678e-02,2.335277955923495061e-03,2.600370947994400713e-03,4.282864243236936819e-01,-1.110129285214552786e-01,2.753724055503730672e-01,-4.934327993819962593e-02,1.246802486590485766e-02,-1.057502404967351414e-02,-9.126887534981342753e-01,-4.755822936100756460e-02,7.875721490205227215e-02,-2.152810167910447492e-02,3.755939540578371802e-03,1.705522679570894637e-02,-9.771892490671645337e-01,-2.486845557369402049e-01,3.678142490671636872e-02,-1.451133614155783284e-02,-1.335850046641790488e-02,1.252404967350746745e-02,-9.418726679104481025e-01,-8.308069029850789766e-04,1.843862960587686894e-01,-3.056403772154851067e-02,4.836352903451488459e-03,-1.248487785680974654e-03
4.468149038461539102e-01,-3.570087139423080980e-02,-9.883250701121808479e-01,-2.709569686498397578e-02,4.356971153846157449e-03,1.745761969150638401e-03,9.435346554487179516e-01,-1.571326622596153910e-01,3.040239383012819929e-01,-4.879760742187500000e-02,1.339878180088141524e-02,-1.096989558293269204e-02,-9.377410106169872250e-01,-9.647936698717948789e-02,1.192720853365383943e-01,-2.233182466947115224e-02,4.162910657051281139e-03,1.639967698317307265e-02,9.867099859775638748e-01,-2.907620943509615641e-01,8.913949819711530775e-02,-1.445985451722756228e-02,-1.432448167067307092e-02,1.106849083533653286e-02,-4.214054987980777600e-01,-5.948893229166662966e-02,2.154697516025641801e-01,-3.143545297475961592e-02,3.445356320112186004e-03,-4.076052934695514711e-03
5.175387474798387455e-01,-5.696667086693556203e-02,9.625157510080628587e-01,-2.624236076108871912e-02,9.140703755040321954e-03,-2.315398185483870646e-04,9.379205519153219761e-01,-2.193753150201612212e-01,2.597136466733870885e-01,-4.937035345262096725e-02,1.693863407258064391e-02,-1.469372164818548432e-02,-9.490076864919354538e-01,-1.569052419354841632e-01,6.425938760080644740e-02,-2.324966922883064599e-02,8.720545614919352970e-03,1.234248991935483694e-02,9.693170362903222870e-01,-3.360083795362902581e-01,1.267168598790320913e-02,-1.413613596270161220e-02,-7.857784148185479114e-03,6.519342237903224049e-03,-6.952794228830646572e-01,-9.935105846774192062e-02,1.308341733870967971e-01,-3.129725302419354704e-02,1.191209362399193658e-02,-6.786321824596775951e-03
5.066303453947368363e-01,5.000660831766909342e-02,9.798446311090209804e-01,-2.399232333764098057e-02,1.044389538298871531e-02,-1.530468015742486414e-03,5.477579446663534135e-01,-1.186780427631579371e-01,2.281209615836465865e-01,-4.963213698308270583e-02,1.965882724389098057e-02,-1.759005668468045444e-02,-9.226661624765037928e-01,-4.937698249530083489e-02,3.657520265507512025e-02,-2.439524715108082331e-02,1.193948616658834644e-02,9.800961143092097594e-03,-9.838536771616545051e-01,-2.403243215460525439e-01,-9.090108082706851306e-03,-1.521932272086466177e-02,-5.941520059915407319e-03,4.202247562265041050e-03,-9.448095335996243849e-01,1.273386101973688483e-02,1.421449130639097502e-01,-3.215818476856203284e-02,1.601966341635336841e-02,-8.048839138862786194e-03
-7.167411263533464139e-01,-6.437776820866142335e-01,3.345687746062972479e-02,-3.373898483636810636e-02,8.852981206938979192e-03,9.405181163877973996e-04,-2.581181563730316486e-01,6.239253967765747699e-01,6.979307640255905110e-01,-5.090764563853345664e-02,1.567065621924212948e-02,-1.021545890748032370e-02,-6.969349778543307283e-02,-4.419060654527557919e-01,9.322961521899613135e-01,-2.064285879060039769e-02,5.064476193405508669e-03,1.771557424950789134e-02,4.179187684547241988e-01,-8.832046628937009203e-01,2.810250830462599492e-01,-1.260448065329725434e-02,-1.081331508366141676e-02,7.737527682086613005e-03,1.630167322834641386e-02,-7.444808839812988577e-01,6.310227762057085688e-01,-2.702367587352361503e-02,8.025882750984253758e-03,-1.501849317175203181e-03
-7.569189453125001465e-01,-5.501782226562497158e-01,2.948535156250002287e-01,-3.067382812500000014e-02,1.024261474609375507e-02,4.838562011718754684e-03,-5.400634765625017542e-02,7.449548339843750089e-01,6.491235351562499867e-01,-4.592895507812500000e-02,1.460266113281250173e-02,-1.189941406250000049e-02,7.263061523437500111e-02,-2.247570800781248379e-01,-9.699902343750035350e-01,-1.978424072265625236e-02,7.893676757812499029e-03,1.391418457031249993e-02,5.539868164062499156e-01,-7.159265136718752087e-01,4.607751464843746203e-01,-1.123504638671875625e-02,-7.669677734374998924e-03,7.064208984374998820e-03,6.456420898437503775e-02,-5.293090820312493783e-01,8.184252929687504396e-01,-2.927368164062498640e-02,1.065002441406250749e-02,-3.885803222656250382e-03
-6.841163635253906250e-01,-6.299591064453125000e-01,3.167476654052736595e-01,-3.154039382934570312e-02,4.223346710205080727e-03,5.197525024414062500e-04,-8.006286621093751388e-02,6.608600616455078125e-01,7.097415924072265625e-01,-4.771471023559570312e-02,1.108741760253906597e-02,-1.238870620727539236e-02,8.623123168945312500e-02,-3.758049011230468750e-01,9.627132415771492147e-01,-2.249288558959961284e-02,9.001255035400388890e-03,1.386308670043945312e-02,5.844764709472655140e-01,-7.520694732666016735e-01,3.562164306640625000e-01,-1.077842712402344444e-02,-6.474971771240233508e-03,7.128238677978514758e-03,1.450786590576172430e-01,-6.536121368408203125e-01,7.041168212890625000e-01,-2.731418609619140278e-02,1.315498352050781944e-02,-3.621578216552735242e-03
-4.095052083333334814e-01,-9.011338975694442865e-01,1.399739583333334259e-01,-2.522922092013888187e-02,1.572536892361111466e-02,-1.308865017361104510e-03,-1.123101128472222265e-01,3.264919704861108940e-01,9.125868055555554914e-01,-4.654541015625000139e-02,1.033393012152777901e-02,-2.327609592013889228e-02,1.426595052083333148e-01,-7.006998697916665408e-01,7.714898003472226984e-01,-2.514512803819444683e-02,1.601019965277777207e-02,5.699327256944454120e-03,5.934244791666666297e-01,-8.484212239583334147e-01,1.193576388888867301e-02,-2.679172092013889367e-02,3.038194444444444926e-03,9.826660156250000000e-03,3.347276475694443421e-01,-8.532226562499999334e-01,4.176052517361110161e-01,-3.656412760416666297e-02,2.368570963541667684e-02,-1.066216362847222446e-02
-7.717475993935277168e-02,-8.616308330525604964e-01,5.898411177560647367e-01,-3.385921180087601151e-02,5.967955062331539717e-03,-2.046569659703512123e-03,2.094344887129382521e-02,-6.994964517351750510e-01,6.516304118935306589e-01,-5.355695122978439138e-02,1.617300028428235101e-02,-1.977868092991913462e-02,2.439326777291105364e-01,9.555624578840973271e-01,1.885548717570753041e-01,-2.590999963148585619e-02,7.433785903807272125e-03,1.348399858911724855e-02,4.054497978436657490e-01,9.018791589454178137e-01,1.028180803571433488e-01,-1.629441253579851784e-02,-8.621585979615898135e-03,8.271991081957537351e-03,2.013949576735175884e-01,9.596200619103776308e-01,-5.635634265499137041e-03,-3.361375505390836599e-02,1.077360991197776584e-02,-4.277396394878695864e-03
-1.552246093749999889e-01,-8.458496093749999778e-01,6.079101562500000000e-01,-2.917480468749993755e-03,7.714843750000000347e-03,2.426757812500000139e-02,1.689453124999999722e-02,-6.354003906249999778e-01,7.357421874999999778e-01,-4.468994140625000278e-02,1.452636718749998959e-03,-2.142333984375000000e-02,2.506347656249999778e-01,-9.785644531250002887e-01,1.151855468750000028e-01,-1.601562499999999861e-02,1.201171875000000069e-02,2.242431640624999861e-02,4.018554687500000000e-01,9.699218750000000444e-01,2.749023437500000555e-02,-1.436767578125000035e-02,-1.477050781249998439e-03,1.691894531249999931e-02,2.123535156249999889e-01,-9.889648437499999334e-01,-6.679687500000000555e-02,-3.823242187499999861e-02,1.867675781250000000e-02,-2.416992187500000087e-03
-3.402638478322068671e-01,-7.479786915822069782e-01,6.480503941441441151e-01,-3.339997712556305731e-02,-2.715239653716235158e-03,1.986116976351345702e-03,-4.933400197072041957e-03,-5.137950450450448070e-01,8.050438133445942945e-01,-4.692228849943694269e-02,1.160382794904280673e-02,-1.660816089527027833e-02,2.621696403434685130e-01,9.553332629504506235e-01,-1.151991835585587098e-01,-2.508105028856982138e-02,9.976223782376121563e-03,1.738512193834459291e-02,4.536968609234233729e-01,8.715600365990991971e-01,-2.428011507601346708e-01,-1.758417352899774994e-02,-6.122760944538292727e-03,1.159942901886260383e-02,2.932722761824325119e-01,8.736913182713963444e-01,-2.983816335867123248e-01,-3.488406619510135004e-02,1.429652308558558918e-02,-1.669394003378377699e-03
-1.903170072115384914e-01,-8.561072716346154188e-01,5.786884014423077094e-01,-2.818415715144230796e-02,1.433856670673076990e-02,-1.241361177884615051e-02,-2.441406250000000000e-02,-6.582031250000000000e-01,7.115196814903845812e-01,-8.706430288461537714e-02,1.042292668269230449e-02,-2.734844501201923184e-02,2.229567307692307820e-01,-9.912484975961536326e-01,6.967397836538462286e-02,-4.378098707932692735e-02,5.962665264423077857e-03,8.108285757211534592e-03,4.062312199519230727e-01,9.518855168269231282e-01,-2.952223557692309000e-02,-3.384634164663460898e-02,-4.892202524038461071e-03,6.286621093750000000e-03,2.270320012019230727e-01,9.825908954326922906e-01,-1.243614783653846090e-01,-5.261699969951923184e-02,9.948730468750001735e-03,-1.569542518028846367e-02
5.745627010569851478e-01,-8.277386833639707175e-01,2.604621438419117418e-01,-3.184976016773897328e-02,4.362757065716911173e-03,7.360660328584561242e-03,1.068474264705833454e-03,-9.699067957261032769e-01,-1.108247644761028439e-01,-4.043525247012867696e-02,1.617772719439338272e-02,-9.101239372702202984e-03,8.658878102022062040e-02,-4.554005342371325593e-01,9.403801413143385579e-01,-1.651611328125000139e-02,9.495275160845592990e-03,1.482795266544117627e-02,5.585075827205876475e-02,7.259629193474266273e-01,6.549287683823526995e-01,-7.164809283088233692e-03,-1.022285012637867523e-02,1.044885971966912075e-02,-1.686774758731617863e-01,5.704503676470590312e-01,7.476469152113969230e-01,-2.291152056525735600e-02,9.230490291819846982e-03,-2.662568933823530794e-03
5.170172614020269730e-01,-8.227473078547297147e-01,4.032147381756757687e-01,-2.809431746199324287e-02,1.099457611908784098e-02,7.698677681587840112e-03,8.141100084459454433e-02,-9.645138302364864025e-01,-2.775944890202707016e-02,-4.336465371621621434e-02,1.737027554898648574e-02,-1.326442409206080725e-02,1.826633762668919414e-01,-3.223646009290541681e-01,-9.889740815033781773e-01,-1.977868982263513570e-02,7.329167546452700945e-03,1.449337521114864996e-02,1.774440456081080586e-01,7.469251478040540571e-01,6.390413851351350871e-01,-1.261118296030405359e-02,-9.133828652871619699e-03,8.607606630067567849e-03,-8.191247888513514264e-02,6.807564400337837718e-01,6.936563027871621712e-01,-2.939255173141892483e-02,1.300213788006756785e-02,-3.606023015202703547e-03
6.229474103009259300e-01,-8.363082320601852304e-01,2.185601128472222099e-01,-3.122061270254629720e-02,9.354202835648150333e-03,-5.108868634259230990e-04,1.718026620370384505e-04,9.899631076388902828e-01,-1.720287181712963076e-01,-4.139992042824074125e-02,1.949055989583333218e-02,-1.561821831597222029e-02,5.159505208333332871e-02,-4.971969039351851749e-01,9.216579861111110494e-01,-1.415563512731481469e-02,9.159794560185185314e-03,1.018834997106481642e-02,3.615089699074074125e-02,7.115704571759259300e-01,6.532660590277777901e-01,4.747178819444579367e-05,-2.030662254050925875e-02,1.469364872685185314e-02,-2.061993634259259300e-01,5.524088541666666297e-01,7.385163483796296502e-01,-1.125081380208333738e-02,-3.345630787037036716e-03,2.398455584490740387e-03
7.373123168945309169e-01,-7.041193644205729907e-01,2.012151082356771481e-01,-3.420130411783853935e-02,8.314768473307292823e-03,3.441492716471357058e-03,6.538391113281256939e-03,-9.459253946940102686e-01,-2.791290283203122780e-01,-4.344495137532552315e-02,2.132161458333334259e-02,-7.251739501953121531e-03,2.806854248046867367e-02,-6.637115478515627220e-01,8.023122151692707593e-01,-1.894760131835937500e-02,1.239713033040364815e-02,1.423645019531250173e-02,-6.836700439453133327e-02,5.381749471028647314e-01,8.114649454752601576e-01,-8.565902709960935765e-03,-1.021766662597656077e-02,7.886250813802085646e-03,-3.082860310872393428e-01,3.173395792643232127e-01,8.401641845703122780e-01,-2.491823832194010879e-02,1.186625162760416956e-02,-5.282084147135415221e-03
-5.361577814275569898e-01,-7.743652343750000444e-01,3.504305752840907728e-01,-2.477250532670454905e-02,4.473876953124997224e-03,-4.284945401278406410e-03,-3.748291015624999334e-01,8.624689275568180324e-01,2.112809614701707528e-01,-5.063060413707386187e-02,1.300312389026988397e-02,-1.718874844637784810e-02,-2.083202015269886576e-01,9.317521528764208805e-01,1.352428089488636187e-01,-2.463628595525567747e-02,4.426435990767050264e-03,1.015250466086647756e-02,5.445889559659092966e-02,-7.617176402698861981e-01,6.266046697443179436e-01,-1.360029740767046413e-02,-4.834261807528408145e-03,6.686817515980120023e-03,-2.582791415127840828e-01,9.176275079900573228e-01,6.115778142755652624e-02,-3.111766468394887297e-02,1.128054532137783873e-02,-1.109702370383523241e-02
-3.581958527260640235e-01,-7.774788065159574657e-01,6.003210189494678772e-01,-3.233954247007979343e-02,-8.518949468085132773e-04,6.390510721409580798e-03,-4.918602476728722861e-01,6.426196808510639125e-01,5.411402925531917374e-01,-5.116694024268617080e-02,1.754825673204787190e-02,-9.037098986037240059e-03,-3.138401761968084847e-01,7.326919880319147094e-01,5.758705950797872175e-01,-2.327387383643617080e-02,1.276284075797872938e-02,1.634443567154255511e-02,6.991771941489380304e-03,-9.213919132313828086e-01,2.802059092420210451e-01,-1.234208776595744489e-02,-1.052791514295212984e-02,7.712506233377658393e-03,-4.235268450797871065e-01,7.369722406914893664e-01,3.580400182845742130e-01,-3.333298703457446971e-02,1.780408494015957299e-02,-9.825361535904256205e-03
-6.647135416666666297e-01,-7.436930338541666297e-01,3.323567708333333148e-01,-3.984578450520833565e-02,1.080322265625000000e-02,-2.085367838541666088e-03,-3.284505208333333148e-01,3.120930989583333703e-01,1.265055338541666297e-01,-4.399617513020833565e-02,1.552327473958333391e-02,-1.599121093750000000e-02,-1.618652343750000000e-01,-9.932047526041667407e-01,6.355794270833332871e-02,-2.409871419270833218e-02,9.948730468750001735e-03,6.917317708333333912e-03,2.689615885416667476e-02,-8.020426432291666297e-01,6.224365234375000000e-01,-2.308146158854166435e-02,-6.612141927083313095e-04,1.059977213541666609e-02,-1.978759765625000000e-01,9.903971354166666297e-01,3.051757812500000000e-02,-4.139200846354166435e-02,1.132202148437500000e-02,-1.320393880208333391e-02
-6.747349330357143016e-01,-7.432338169642856984e-01,3.630022321428571508e-01,-4.873221261160715079e-02,2.762276785714285268e-02,-6.801060267857142114e-03,-3.005719866071428492e-01,6.975097656250000000e-01,1.743861607142856984e-01,-3.267124720982142461e-02,1.416015625000000173e-02,-1.838902064732142808e-02,-1.022949218750000139e-01,-9.723423549107144126e-01,7.400948660714284921e-02,-2.088274274553571577e-02,4.473005022321428943e-03,2.423967633928571924e-03,7.184709821428568455e-03,-7.940150669642856984e-01,6.269182477678570953e-01,-2.781459263392856845e-02,6.548200334821429811e-03,1.225062779017857019e-02,-1.513323102678571230e-01,-9.850027901785709528e-01,1.304408482142858927e-02,-4.856654575892856845e-02,7.699148995535714905e-03,-2.295793805803571230e-02
4.455301036005434590e-01,2.216637652853258034e-01,9.742537788722807068e-01,-3.852247155230977688e-02,9.374203889266305781e-03,3.488291864809768203e-03,2.431348717730978382e-01,-4.341404127038044347e-01,8.488265327785325942e-01,-3.937099290930707457e-02,2.433644170346466878e-02,-1.805844514266323128e-03,4.637690005095105317e-01,-3.012244183084238358e-01,9.287321671195660766e-01,-8.406265922214677458e-03,1.773071289062501041e-02,1.567077636718750000e-02,6.428779933763587584e-01,-4.328533670176628601e-01,-6.924040421195650774e-01,-1.113228175951101739e-03,-3.487628439198368208e-03,1.635277789572010809e-02,2.263820482336958428e-01,-2.765980596127718405e-01,9.131151282269022174e-01,-1.227868121603260809e-02,1.828732697860053699e-02,-1.558386761209247691e-03
3.373781714108910479e-01,-1.199914913366356695e-02,-9.509071878867594307e-01,-3.325026106126237335e-02,6.525927250928214782e-03,-1.530411219832922016e-03,1.426651454207920888e-02,-1.933061958539604719e-01,9.273802502320542818e-01,-4.448133411974010409e-02,1.938651811958539556e-02,-1.330536190826113983e-02,2.658630975402224150e-01,2.430045250618845243e-02,-9.692600363551993059e-01,-1.857946414758663081e-02,1.125343247215346634e-02,1.113589447323638446e-02,5.916397547957921166e-01,-6.677197749071779320e-01,-5.387446337407176822e-01,-1.513641659576114157e-02,-3.829502823329208015e-03,1.368788917465965822e-02,3.391137453589127687e-02,-8.549514619430709228e-02,9.582761254641090076e-01,-2.527761931466583969e-02,1.514094890934405448e-02,-6.483927811726488549e-03
3.490385910560344085e-01,1.074909078663791318e-01,-9.673306169181050684e-01,-3.821263806573275273e-02,9.960516567887928510e-03,-3.969389816810351811e-04,1.928256330818965414e-01,-2.642460264008620330e-01,8.887358566810344973e-01,-4.409348060344828873e-02,2.202316810344827347e-02,-1.302406047952586396e-02,4.211257408405169045e-01,-1.261550377155172264e-01,9.544012661637935047e-01,-2.128653690732759327e-02,1.502432987607759188e-02,9.339220770474141592e-03,6.331105199353449509e-01,-5.306068157327584744e-01,-6.165156923491378338e-01,-2.029945110452587367e-02,-3.595602101293104806e-03,1.974550444504309665e-02,1.935092268318967523e-01,-1.542413119612068839e-01,9.354256465517241104e-01,-3.283102101293106090e-02,2.056926858836206212e-02,-1.131760169719828353e-02
4.612496798155737432e-01,-2.498999423668035735e-01,9.666728035348346459e-01,-3.099085073002048885e-02,1.615930776127047497e-02,-8.861103995901644520e-03,-1.363705494364754189e-01,-3.193319351946721785e-01,8.648341444672130729e-01,-4.202520651895492315e-02,1.631239594006147348e-02,-1.871778144211065295e-02,1.021188204405734101e-01,-8.155897797131146654e-02,-9.632468301741808903e-01,-1.770619877049180516e-02,5.214003265881157409e-03,5.131956006659844569e-03,4.321329085553281546e-01,-7.996045722336063699e-01,-4.802286116803278215e-01,-1.783227138831967526e-02,3.460993532274599712e-03,9.898701652151644520e-03,-1.447753906249998057e-01,-1.092349193135245533e-01,9.390568967725410054e-01,-2.071193007172130243e-02,8.182713242827861430e-03,-1.353979892418033515e-02
4.671630859374998890e-01,-8.160573475396452059e-01,4.924954086986942925e-01,-2.872569525419775560e-02,9.450428521455224787e-03,-1.420206098414177011e-03,1.101639021688433917e-01,-9.417405769006529370e-01,2.045260756763059851e-01,-4.737854003906250000e-02,1.930783399895056110e-02,-1.579079699160446451e-02,3.644682471431901494e-01,-3.637923055620335688e-01,9.389867070895523415e-01,-2.274766608850279162e-02,7.854860220382446634e-03,1.306220666686100373e-02,4.171397650419778613e-01,6.575517796758398870e-01,6.230304774953360214e-01,-1.490920337278452482e-02,-9.954196303638068039e-03,8.094673726096065364e-03,1.337936173624065805e-01,6.223253847947759487e-01,7.317741735657651292e-01,-3.006892417793843170e-02,9.667923201375938635e-03,-4.872564059584897148e-03
3.750087193080358094e-01,-8.813912527901786031e-01,4.581560407366071508e-01,-1.429748535156250347e-02,1.218741280691964385e-02,-7.627214704241070189e-03,1.145717075892860315e-02,-9.250139508928570953e-01,2.761230468749999445e-01,-4.956490652901785615e-02,1.350620814732143155e-02,-3.282165527343749306e-02,3.230242047991072063e-01,-2.550833565848213413e-01,-9.907662527901782701e-01,-3.198460170200892461e-02,-7.300240652901779023e-03,1.077488490513392981e-02,3.339669363839286031e-01,6.498761858258929047e-01,7.026105608258929047e-01,-2.437918526785713691e-02,-1.836722237723215079e-02,2.166530064174106845e-02,3.989955357142849213e-02,6.691458565848213969e-01,7.211303710937500000e-01,-4.136657714843750000e-02,2.086094447544646450e-03,6.561279296874999133e-03
5.674560546875000444e-01,-4.708984374999997113e-01,8.081298828125003109e-01,-3.486816406250001221e-02,5.673828124999995282e-03,1.574707031250001561e-03,5.144628906250000577e-01,-8.417333984374999467e-01,9.438964843749991784e-02,-4.827148437499999972e-02,1.663330078125000236e-02,-1.138305664062499306e-02,7.111328124999998224e-01,-4.933398437499999512e-01,6.595458984375001110e-01,-2.144042968749999833e-02,1.336181640625000791e-02,1.225952148437500083e-02,6.590380859375002398e-01,3.573681640625002709e-01,6.817382812500000222e-01,-1.213256835937499487e-02,-7.629394531250005204e-03,3.563232421874992784e-03,4.673876953124997957e-01,3.395068359374999178e-01,8.116601562499999867e-01,-2.875366210937500486e-02,1.120361328125000187e-02,-9.190673828124992090e-03
5.769772219967530535e-01,-7.171551592938312236e-01,5.456828327922077504e-01,-2.266742656757304158e-02,8.997929560673701907e-03,-5.253779423701296358e-03,2.365532416801948978e-01,-9.445880047686687764e-01,1.163694703733766933e-01,-4.638988940746753553e-02,1.416174157873376083e-02,-2.454841911018668110e-02,4.594298523741883189e-01,-4.514207716112011992e-01,8.654119318181819898e-01,-2.676431234780843327e-02,6.226378601866767656e-04,1.069859095982142461e-02,4.773456523944805130e-01,5.675698812905844992e-01,6.762330686891234732e-01,-1.949478743912338302e-02,-1.153762619216720797e-02,1.591234083299511784e-02,1.786839869115259827e-01,5.379337459415584055e-01,7.953055245535715079e-01,-3.614906211952110399e-02,5.694897143871758237e-03,1.891693511566546783e-03
-8.707786726316587567e-01,-3.630542524213073441e-01,-9.091962394067823472e-02,-2.240315361115315096e-02,7.862007935457038937e-03,-6.464110736985474726e-03,-2.168524421156172999e-01,-6.040210492963076216e-01,7.063419813105324963e-01,-4.986409702254841064e-02,1.481986796307505592e-02,-2.310941756204600017e-02,8.782796421004843146e-02,9.583465354494533628e-01,-1.807639650802055908e-01,-2.497416720263317264e-02,5.318630116903762250e-03,2.106688270845944247e-02,3.242057449303873962e-01,9.265278592236683153e-01,-1.464524534654967070e-01,-1.996662426225787740e-02,-1.133716943477602879e-02,1.591037260706718373e-02,1.813503754918281141e-01,9.078608552133771159e-01,-3.600595395732447690e-01,-3.675025773683416458e-02,1.048578072979720714e-02,2.443623023229432503e-03
-8.390355603448276245e-01,-3.905997440732758563e-01,-1.219440328663793094e-01,-2.474238954741379490e-02,1.871043238146551449e-02,-2.392999057112075306e-03,-1.838631465517241437e-01,-5.832772090517240882e-01,7.470703124999998890e-01,-6.696398504849138122e-02,1.512619544719827694e-02,-2.833294046336206837e-02,1.052077720905172653e-01,-9.883991109913803363e-01,-1.526384024784482873e-01,-4.510498046875000000e-02,4.922801050646550408e-03,1.090214170258620857e-02,3.418810614224138122e-01,7.664668642241380114e-01,-1.063190328663793094e-01,-4.410105738146552490e-02,-6.223481276939654694e-03,3.853633485991374286e-03,1.480165678879310498e-01,9.632694639008620996e-01,-3.033573545258620441e-01,-6.148555360991379837e-02,7.648336476293105153e-03,-1.721822804418102898e-02
-7.165391710069444198e-01,-4.921061197916666852e-01,-3.638644748263888951e-01,-2.206420898437500000e-02,1.289537217881944579e-02,-1.760186089409723070e-02,-1.168348524305555525e-01,-8.152533637152779011e-01,4.939778645833332593e-01,-6.414794921875000000e-02,9.931776258680559410e-03,-3.490871853298611188e-02,1.012641059027777762e-01,-4.366048177083332593e-01,1.827935112847221266e-01,-3.944566514756944059e-02,-6.205240885416686905e-04,2.829318576388888812e-02,3.653971354166666852e-01,7.054850260416667407e-01,2.596299913194443088e-01,-3.816053602430555247e-02,-1.305813259548611188e-02,2.357652452256944059e-02,1.435411241319444753e-01,-9.901801215277783452e-01,-4.196506076388883955e-02,-5.953640407986110494e-02,5.689832899305557676e-03,-7.019042968749995663e-04
-6.782958984375001554e-01,-4.830200195312500666e-01,-4.249877929687502776e-01,-1.623077392578125416e-02,2.424926757812500416e-02,-1.772918701171875833e-02,-1.221008300781249167e-01,-8.704772949218751998e-01,3.798278808593749112e-01,-6.064453124999998751e-02,1.828002929687500347e-02,-3.914337158203123890e-02,8.136596679687500833e-02,9.460449218750000000e-01,2.825134277343747113e-01,-3.913421630859374722e-02,-5.474853515624990632e-03,2.765350341796875278e-02,3.414489746093750111e-01,8.575012207031250666e-01,3.533813476562497335e-01,-3.586883544921876110e-02,-1.784515380859374653e-02,2.212066650390624722e-02,1.165405273437500194e-01,9.623291015624999556e-01,3.353881835937488898e-02,-5.175476074218749584e-02,3.939819335937501561e-03,5.755615234375000694e-03
3.832489636479591844e-01,8.629862882653061007e-01,-2.431112484056122680e-01,-2.505107023278061590e-02,1.543815768494903162e-03,5.596550143494900473e-03,3.094138632015305812e-01,8.664281728316326481e-01,-4.639508928571428603e-01,-4.660470145089286309e-02,1.047537667410715009e-02,-2.046272122130101540e-02,1.387256855867347316e-01,8.716328523596938993e-01,-4.061015226403061895e-01,-2.392777423469388126e-02,4.607780612244900299e-03,7.041713169642862050e-03,1.461784518494897989e-01,-2.578115035076531392e-01,-9.783402423469423903e-01,-2.048240194515305729e-02,-1.358194156568877896e-02,1.339958346619898183e-02,2.700892857142853098e-02,9.437779017857143016e-01,-2.430963010204081898e-01,-3.202826052295918574e-02,6.470972177933667115e-03,-1.119957748724489249e-02
3.685001265182185626e-01,8.639415169534413463e-01,-2.887125980516194734e-01,-2.724935554782389330e-02,5.278429039094135328e-03,2.599554023279355020e-03,2.852807913714574539e-01,8.803206841472671629e-01,-4.502269420546557988e-01,-4.708998212930162047e-02,1.476062357667004554e-02,-2.101017878605769551e-02,1.133059605895749417e-01,9.028745334640688736e-01,-3.705649433830972006e-01,-2.341946126961032271e-02,6.838655664853242680e-03,6.724739846912954240e-03,1.450432534159918907e-01,-1.862921463815790379e-01,9.813790881199357941e-01,-1.714766652960525786e-02,-1.289818644040992106e-02,7.730213736715589243e-03,-3.500996330971700710e-03,9.654456999620447677e-01,-1.988273342611336370e-01,-2.842459118800608198e-02,9.597592990890684017e-03,-1.251863178453947213e-02
5.895996093750000000e-02,8.702392578125000000e-01,-4.173583984375000000e-01,-1.693725585937500000e-02,-1.388549804687499653e-02,1.547241210937500000e-02,2.052001953125000000e-01,-9.880371093750000000e-01,-2.460937500000000000e-01,-4.336547851562500000e-02,-1.403808593750000000e-02,-2.438354492187500000e-02,1.223144531250000000e-01,-9.971923828124998890e-01,-1.383056640625000000e-01,-2.188110351562500000e-02,-1.214599609375000000e-02,6.591796875000000000e-03,2.393798828125000000e-01,-2.563476562500000000e-02,9.882812500000000000e-01,-2.432250976562500000e-02,-1.327514648437500000e-02,4.013061523437500000e-02,6.591796875000000000e-03,2.319335937500000000e-03,6.469726562500002776e-02,-3.704833984375000000e-02,-1.412963867187500000e-02,-1.196289062500000000e-02
2.293701171874999722e-01,8.760579427083333703e-01,-3.883463541666666852e-01,-2.915445963541666782e-02,2.414957682291667129e-02,4.984537760416666956e-03,2.369791666666666574e-01,9.593505859375000000e-01,-3.672688802083333148e-01,-4.000854492187500000e-02,2.354939778645833218e-02,-3.042602539062500000e-02,9.785970052083332871e-02,6.397705078125000000e-01,-2.649332682291666852e-01,-2.515665690104166782e-02,2.042643229166666782e-02,-3.814697265625001735e-03,1.870930989583333426e-01,-1.150716145833333287e-01,9.576822916666667407e-01,-2.104695638020833218e-02,-2.087402343750000000e-02,-9.684244791666666088e-03,-2.014160156250000000e-02,-9.918619791666665186e-01,-6.245930989583331483e-02,-4.635620117187500000e-02,3.189086914062500000e-02,-2.039591471354166435e-02
5.127517361111111338e-01,8.324924045138888395e-01,-1.670616319444443443e-01,-4.158311631944444642e-02,-9.345160590277771682e-04,7.993706597222219323e-03,2.688465711805554381e-01,9.186968315972223742e-01,-3.791666666666665964e-01,-4.832356770833334120e-02,9.503851996527775889e-03,-6.686740451388907200e-03,1.210579427083333659e-01,9.142871093749999067e-01,-3.096831597222223786e-01,-2.125406901041665755e-02,5.577256944444479274e-04,1.959716796875000944e-02,-1.477973090277777402e-01,-6.260677083333332504e-01,-7.942903645833334636e-01,-8.758409288194428377e-03,-1.503634982638884544e-03,1.629313151041666616e-02,2.629785156250000200e-01,-7.193630642361111827e-01,-7.246245659722219123e-01,-3.024739583333333273e-02,2.116021050347222793e-02,4.095323350694431500e-03
6.975985440340913835e-01,7.090775923295453698e-01,-7.701305042613623697e-02,-3.660611239346590884e-02,-3.885719992897725995e-03,4.132634943181811779e-03,3.301624644886363424e-01,8.273504083806817455e-01,-5.333851207386366422e-01,-5.648193359374999167e-02,5.596368963068178159e-03,-1.525823419744319273e-02,9.357244318181826004e-02,8.349054509943181213e-01,-4.937011718750001776e-01,-3.148692737926135632e-02,1.064786044034090468e-03,1.648947975852273901e-02,-2.374356356534093604e-01,-6.924405184659091494e-01,-7.066450639204546746e-01,-1.614768288352273762e-02,-2.044677734374998265e-03,1.602172851562500000e-02,1.703613281249997113e-01,-8.060813210227272263e-01,-6.482976740056818343e-01,-3.565840287642045581e-02,1.784945401278409047e-02,3.581099076704545407e-03
3.414611816406250000e-01,8.834228515625000000e-01,-2.346801757812500000e-01,-1.820373535156250000e-02,6.790161132812500867e-03,6.889343261718749133e-03,1.667480468749999722e-01,-9.934082031249997780e-01,-2.117309570312500000e-01,-5.346679687500000000e-02,5.447387695312500000e-03,-3.697204589843750000e-02,1.159973144531250000e-01,7.384643554687500000e-01,-1.171264648437500000e-01,-4.146575927734375000e-02,6.111145019531249133e-03,-7.400512695312500000e-04,-1.026916503906250000e-01,-6.006469726562500000e-01,-8.071899414062500000e-01,-3.673553466796875000e-02,-6.179809570312500000e-03,1.195526123046875000e-02,3.198547363281250000e-01,-6.725769042968750000e-01,-7.442626953125000000e-01,-5.258178710937500000e-02,6.767272949218751735e-03,-1.060485839843749783e-03
2.693182100915609833e-01,8.576193645501593021e-01,-3.641925009952228232e-01,-4.283151808817674960e-02,-1.102520402070063070e-03,5.252911027070064805e-03,3.556771248009553132e-01,8.896966436106686915e-01,-3.877139729299362569e-01,-5.753049425258758426e-02,9.255573248407641257e-03,-1.167987410429936410e-02,1.649410952428344845e-01,8.959447775676752102e-01,-3.738632688097133783e-01,-3.042505349323247968e-02,1.003775626990449730e-03,2.093544735270701576e-02,-4.750478951035055908e-02,-6.902601885947452498e-01,-7.576336708797770658e-01,-1.790662631867038362e-02,5.500939241640156931e-04,1.570547310410031969e-02,3.688389480493627914e-01,-7.911726836186305789e-01,-5.855689565087576209e-01,-3.854778314092356661e-02,2.162588326035031969e-02,-3.288900776273895842e-03
-8.232206828853626535e-01,-4.444194260038860089e-01,3.480610427461137135e-01,-3.826018812742875558e-02,1.041297714944946357e-02,-8.580024995952078085e-03,-2.513940050194299336e-01,7.161985407221502786e-01,6.294261556832898563e-01,-4.722476623218910957e-02,2.345426094964377789e-02,-1.572113827720206941e-02,2.779155197539052990e-03,6.694614232512954288e-01,7.759168555699478276e-01,-2.277307065657382598e-02,2.032154458792098314e-02,1.002526159731217947e-02,4.121612390705960971e-01,4.957863605084199543e-01,7.648963730569947606e-01,-1.435085158273964601e-02,2.944550983646371158e-03,6.058292685395091220e-03,1.161641333387306713e-01,6.774535500323836112e-01,6.881539932804403570e-01,-3.078765078529791324e-02,2.490930112532383292e-02,-9.734633055375646257e-03
-7.988621911337209225e-01,-5.502645803052326201e-01,1.369004360465115311e-01,-3.728822220203488469e-02,1.436455305232561125e-03,6.302234738372082534e-04,-4.454033430232557933e-01,8.140159429505814392e-01,3.385094930959302584e-01,-4.980184865552325646e-02,2.574689998183139414e-02,-9.874920512354650598e-03,-2.378554233284882469e-01,7.544569858284884134e-01,6.026128724563953876e-01,-2.064549645712209641e-02,2.358370049055232356e-02,1.638155205305232703e-02,2.152809320494186995e-01,6.373546511627906641e-01,7.271473019622093359e-01,-1.006086482558139240e-02,2.363338026889533119e-03,1.525169195130814115e-02,-9.575422420058130046e-02,7.853379360465115866e-01,5.473859920058139483e-01,-2.910525299781976938e-02,2.672062363735465060e-02,4.542151162790740437e-04
-8.442692286531690016e-01,-4.555921957526408717e-01,2.115873954665490886e-01,-2.742799570862676159e-02,-5.128672425176071352e-03,-1.827616087147895460e-03,-3.348457443882042472e-01,7.832289145026408717e-01,4.914241307218310539e-01,-5.733995034661090034e-02,2.022756657130281299e-02,-1.340839224801936361e-02,-1.181984485035209864e-01,7.380749339788733598e-01,6.756179164832746276e-01,-3.103207870268485241e-02,1.480231486575703942e-02,1.497424488336267928e-02,2.858147419674297862e-01,5.938995791153169890e-01,7.441732917033451189e-01,-2.359481596610914222e-02,-1.608405314700706717e-03,1.588848275198064680e-02,-9.072747029049206546e-03,7.513307383362676228e-01,6.074321908010563709e-01,-3.887122785541371334e-02,2.393781635123239451e-02,-3.291170362015836091e-03
-8.509301357581967595e-01,-4.108646580430328488e-01,2.837614465932377095e-01,-3.736402167648565642e-02,8.305283843493840856e-03,-1.010081807120902578e-02,-2.780141361424180446e-01,7.838815157530737432e-01,5.264052094006147486e-01,-4.623813316470285623e-02,2.630765320824794348e-02,-1.708233942751024442e-02,-3.592469262295083787e-02,7.403804591444672623e-01,6.897372886782786594e-01,-2.369764984631147348e-02,2.302476226306352305e-02,9.403916655993856469e-03,3.627389376280737432e-01,5.732962186219262568e-01,7.294541655993851403e-01,-1.506767898309425979e-02,4.582139312243849530e-03,5.448638415727471984e-03,7.062467981557382646e-02,7.251096631659835756e-01,6.384337378329918433e-01,-3.181382476306352652e-02,2.778250272156763609e-02,-1.086225665983605801e-02
-6.472833806818182323e-01,1.765444028627606021e-01,7.939384833916086626e-01,-4.511906550480768163e-02,9.039605414117132115e-03,1.393138111888112332e-02,4.607906741695805275e-01,3.588986696896855344e-01,8.038014231861888570e-01,-3.321849049388113373e-02,2.535007716892482069e-02,2.764935260052444471e-03,7.534606506774476076e-01,7.160559167395104119e-01,-3.071391499125880609e-02,-1.686064179960664391e-02,1.899986000327796506e-02,9.608982326267482069e-03,8.685516144012239703e-01,-1.056924032998259599e-01,-5.695732490166084405e-01,-4.969456812718547542e-03,-1.345846536276224144e-02,5.117989920236019202e-03,8.489537805944058491e-01,1.976702496722023139e-01,-4.925818810096155298e-01,-1.820000068291084683e-02,1.394631979348776724e-02,-7.624272699956286155e-03
-7.044517642161886029e-01,-4.871245837602459217e-01,5.288586225665987683e-01,-3.584464651639344968e-02,8.531914382684423898e-03,-5.303054559425805781e-05,-6.420698322233578392e-02,-2.070392546106575304e-02,9.532010438012300524e-01,-4.551521676485656420e-02,2.360409595927253842e-02,-9.389908587346316310e-03,3.700171298668030184e-01,8.266761654713112861e-01,4.666207735655740763e-01,-2.188560610911885126e-02,1.372340468109630590e-02,9.754118372182377789e-03,6.458800268954915103e-01,4.853175429047127398e-01,-6.288422131147540783e-01,-1.311105196593237432e-02,-1.136304511398565642e-02,3.662609663165982896e-03,5.220366931352462547e-01,7.389896580430330708e-01,-4.592425236936474864e-01,-2.758038630251024789e-02,1.056808721823771120e-02,-8.943151255122950422e-03
-6.933278729838709964e-01,-4.190713205645161255e-01,6.813886088709677491e-01,-4.488643523185484319e-02,2.172851562499999306e-02,-4.896594632056449486e-03,8.331495715725800721e-02,2.293346774193541493e-02,-9.880607358870974188e-01,-5.607358870967742159e-02,3.175797001008064113e-02,-1.368762600806451395e-02,5.401650705645160144e-01,8.225727696572581182e-01,4.340111517137096309e-01,-3.355752268145160977e-02,1.993880733366935193e-02,3.071446572580644602e-04,7.761230468750000000e-01,4.097152217741935054e-01,-5.726751512096773800e-01,-2.501260080645161671e-02,-1.274453440020161324e-02,-5.564043598790317097e-03,6.738675025201613655e-01,7.004945816532259784e-01,-3.977444556451613100e-01,-3.771972656250000000e-02,1.129937941028225784e-02,-2.077951738911289897e-02
-5.764411477481619084e-01,-3.243946748621323595e-01,8.135100719975493222e-01,-3.629228180530025272e-02,9.262683344822303377e-03,-6.579230813419075299e-04,2.568155924479166297e-01,1.531144684436272496e-02,9.437519148284320147e-01,-4.633166743259805459e-02,2.479702818627450497e-02,-8.243934780943627111e-03,6.632020239736521328e-01,7.202052696078431460e-01,3.794088924632353921e-01,-2.459567200903799156e-02,1.427743949142156257e-02,1.114699419806985774e-02,8.779201133578429239e-01,2.833539177389707842e-01,-4.796573414522056211e-01,-1.704556334252452232e-02,-1.039093615962010005e-02,4.726335114123774578e-03,7.894634172028187624e-01,6.028897154564948346e-01,-3.017781575520832593e-01,-3.025219487208944541e-02,1.273091634114583565e-02,-9.493958716299020356e-03
-4.085416147908364770e-02,9.791887138944176394e-01,8.395324950199203884e-02,-3.292591353336653953e-02,4.433681290463142334e-03,4.657152639442223470e-03,3.325847002614542025e-01,8.142926341508963661e-01,-5.343829759088645215e-01,-4.556991759524402913e-02,1.134816203934262309e-02,-1.360330163720119452e-02,1.928419135956175590e-01,-9.180397550423305963e-01,-3.194273686503983356e-01,-2.398803224601594314e-02,1.203754318662848301e-02,1.224107476344620665e-02,-4.938838396414336335e-02,-9.043066017181274896e-01,-4.302604036977091817e-01,-1.511750848169820909e-02,-5.571707311379490296e-03,8.032080661728096399e-03,2.053174022659362552e-01,-9.626980359810778376e-01,-1.932163922435259362e-01,-3.269539031374501387e-02,1.294723449950198856e-02,-5.970989090512945560e-03
-4.325565978558394697e-02,-9.846547815921559144e-01,1.233801180428832217e-01,-3.599871336108576708e-02,8.683921646897803381e-03,7.982240106067507029e-03,3.688822279881385779e-01,8.309121236313868897e-01,-5.249201642335766804e-01,-5.033885649520984662e-02,1.787439053946167367e-02,-1.511622519388685498e-02,2.448035469890511295e-01,-9.229157162408760939e-01,-3.209558194571168199e-01,-2.298530522924270569e-02,7.369660983120447130e-03,8.873264284899637366e-03,-1.026638058850355695e-02,-9.035199019160584655e-01,-4.096946994753649651e-01,-1.298712291856752091e-02,-6.842174669251842659e-03,3.308372776003648888e-03,2.530597770301093452e-01,-9.659593122718972413e-01,-1.742379961222627616e-01,-2.852212947650546726e-02,1.263115875912408301e-02,-1.106562927691605649e-02
8.773311491935536360e-03,-9.792795488911288926e-01,8.692981350806451568e-02,-5.066705519153227172e-02,-4.859185987903235152e-03,4.711520287298388496e-03,3.355476625504032473e-01,8.167173324092742437e-01,-5.765932144657257563e-01,-5.724999212449596170e-02,2.049403036794354357e-02,-2.753473097278219539e-03,8.771342615927422981e-02,-4.062381867439510130e-01,-2.616872479838709409e-01,-2.832720356602823342e-02,1.839520854334678046e-02,4.036195816532056613e-05,-1.559940461189515126e-01,-9.245920488911290036e-01,-4.109634891633064391e-01,-1.486304498487902963e-02,6.463819934475792742e-03,-4.592403288810475645e-03,6.596522177419340827e-02,9.815634450604825423e-01,-1.596994707661290036e-01,-2.876232516381048085e-02,2.201104933215725437e-02,-2.189291677167337635e-02
4.409179687500010963e-03,9.855908203125002265e-01,2.987304687500000333e-02,-4.158935546875000555e-02,2.612304687500000694e-03,5.651855468749907713e-04,3.078515625000000089e-01,7.828759765624999645e-01,-6.059277343750000266e-01,-5.436767578124999251e-02,2.066528320312499556e-02,-2.260742187499997780e-03,7.953613281250003497e-02,-7.759082031249999734e-01,-2.615283203125000067e-01,-2.697143554687500555e-02,1.848999023437500333e-02,2.091064453125003782e-03,-1.574316406249999245e-01,-8.847802734375000977e-01,-4.229687500000000044e-01,-1.631958007812499625e-02,2.540283203125001579e-03,-7.116699218750032613e-04,5.610839843749990119e-02,9.847509765624998801e-01,-1.501953124999999556e-01,-3.008544921874999750e-02,1.755371093750000139e-02,-1.566040039062499903e-02
-8.864895567602040227e-01,-3.610142299107141906e-01,1.439632493622448051e-01,-4.601054288903060063e-02,-4.809321189413269873e-03,1.668626434948981829e-02,-2.484056122448978221e-01,-3.110501036352038007e-01,8.690908003826529615e-01,-3.151157924107143848e-02,7.567113759566312936e-03,-3.942372847576527603e-03,7.471201371173469274e-02,-5.029745296556121792e-01,8.757922114158162019e-01,-7.939552774234699684e-03,-2.892319036989774925e-03,1.101995974170918643e-02,5.077925701530612290e-01,8.467544244260203357e-01,1.812818877551021224e-01,-1.287343550701531246e-02,-8.639588647959188170e-03,2.331293845663265363e-02,2.978764748086733527e-01,9.415656887755102789e-01,-2.128009406887731991e-02,-3.165233378507652934e-02,1.988251355229591483e-02,1.321473413584182445e-02
-5.267822265624999556e-01,-5.217529296874999778e-01,7.399707031250000178e-01,-3.353759765625000111e-02,4.779052734374997224e-03,-1.586914062499996531e-03,1.543945312500001263e-02,-7.988183593749997868e-01,5.416113281249999023e-01,-5.366088867187500389e-02,1.228149414062500513e-02,-9.311523437499989730e-03,-2.482910156249999722e-02,-8.162841796875000000e-01,4.297070312499998157e-01,-2.637695312500001193e-02,3.210449218750017000e-03,1.251098632812500111e-02,3.165527343750000888e-01,4.824658203124996825e-01,8.121484374999998757e-01,-2.369995117187500416e-02,-3.098144531249992506e-03,9.417724609375000694e-03,-1.007177734375001438e-01,6.445166015624997913e-01,7.047705078125002798e-01,-3.512695312499999889e-02,1.337158203125000250e-02,5.981445312499970076e-04
-6.884411527910304640e-01,-5.249489354723282375e-01,5.253241541428117500e-01,-3.289857044171439621e-02,1.571228182649487800e-03,3.991357546119603597e-03,1.026570948632326771e-02,-6.372728808842237358e-01,7.141908446644401609e-01,-4.199032383110688077e-02,1.734128374483141430e-02,-1.824329948910625651e-02,3.468536299300254561e-02,-7.757931774809159187e-01,6.849355916030532843e-01,-1.770764998807252896e-02,1.145721513199745092e-02,5.489281418972632998e-03,4.607604514551526531e-01,7.743457279739183186e-01,4.238542163645037664e-01,-2.400824859852100299e-02,-1.368196987317111570e-02,9.746833005327618440e-03,9.354810253657760977e-02,9.251991640823791219e-01,2.619989215569338836e-01,-3.673073960321247139e-02,7.534036806218228494e-03,-2.566582677321896030e-03
-7.675781250000000000e-01,-5.238647460937500000e-01,4.229125976562500000e-01,-6.594848632812500000e-02,5.065917968750000000e-03,1.622772216796875000e-02,-5.923461914062499306e-02,-4.620971679687500000e-01,8.535766601562500000e-01,-5.636596679687500000e-02,1.267242431640625000e-02,-1.309204101562500000e-02,5.740356445312500000e-02,-6.089477539062500000e-01,3.760986328125000000e-01,-3.746032714843750000e-02,9.292602539062500000e-03,1.711273193359375000e-02,4.704895019531250000e-01,8.881225585937500000e-01,3.354797363281250000e-01,-4.061126708984375000e-02,-3.669738769531248265e-03,2.693176269531250000e-03,1.724243164062500000e-01,-9.879760742187494449e-01,5.847167968749994449e-02,-5.294036865234375000e-02,1.760864257812500000e-02,-2.098846435546875000e-02
-6.166992187500000000e-01,-6.738438760080645018e-01,5.022130166330643908e-01,-3.150201612903225784e-02,-1.338835685483871947e-03,1.125803301411290244e-02,-1.685751638104838745e-01,2.821478074596778240e-01,-1.644877772177418540e-01,-5.864494077620967943e-02,2.526461693548387108e-02,-9.558893019153229947e-03,-4.069272933467742159e-02,8.993038054435483764e-01,-2.408644153225807105e-01,-3.191744896673387455e-02,1.612903225806451568e-02,1.685357862903225784e-02,1.795063634072580627e-01,-9.836110761088722176e-01,6.275989163306439078e-02,-2.538274949596773869e-02,1.897996471774193381e-03,1.161439957157257841e-02,6.685515372983874549e-02,8.849073840725806273e-01,-3.766538558467741327e-01,-4.324439264112902442e-02,1.800733996975805926e-02,-1.050789125504032404e-02
-5.818626909935503688e-01,-5.763854230651105359e-01,5.999974806127149618e-01,-2.897715275644962424e-02,-9.045500134367303463e-03,4.620376324477882754e-03,-2.084127140279483648e-01,9.664975477963739792e-01,-4.264662833998768277e-02,-6.387726504914005565e-02,2.112281293189495132e-02,-1.349941694179976164e-02,-4.337365152794839945e-02,9.359571752149875579e-01,-6.815782401719905348e-02,-3.629222373118856648e-02,1.569098395270269314e-02,1.753238612369471469e-02,1.844131507217444677e-01,9.054911845439181928e-01,2.743342819026411417e-01,-2.615903812192875086e-02,1.198208595669537869e-03,1.803326431011978079e-02,2.449084382678133609e-02,9.070286106418924410e-01,-2.318844057125306612e-01,-3.613131286471127357e-02,2.661777655674139528e-02,-5.238525990479119682e-03
-6.037597656250000000e-01,-6.223551432291666297e-01,5.835571289062500000e-01,-3.395758734809027624e-02,2.855088975694439722e-03,-9.579128689236153515e-04,-1.895277235243055525e-01,-9.924587673611124927e-01,-5.150010850694444753e-02,-5.986022949218750000e-02,2.433437771267361188e-02,-1.231384277343750173e-02,-2.067057291666666435e-02,9.791531032986109384e-01,-1.323920355902778179e-01,-3.207397460937500000e-02,1.781887478298610841e-02,1.638115776909722029e-02,2.011650933159722099e-01,9.592692057291667407e-01,1.576334635416665741e-01,-2.380879720052083218e-02,5.003187391493052472e-03,1.810879177517361188e-02,7.265218098958337034e-02,9.504123263888888395e-01,-2.899848090277777346e-01,-4.100036621093750000e-02,2.606709798177083218e-02,-3.494262695312500000e-03
-5.776836688701922906e-01,-5.002535306490384359e-01,7.631835937499998890e-01,-3.613516000600960898e-02,1.846548227163461592e-02,-3.260685847355770765e-03,-2.095571664663461453e-01,-2.224496694711535216e-01,5.421799879807693429e-02,-5.063805213341346367e-02,2.852219801682692041e-02,-1.935518704927884776e-02,-2.425443209134614878e-02,-9.856426532451922906e-01,1.145958533653845535e-01,-2.734140249399039102e-02,2.039747971754807612e-02,6.319486177884612449e-03,2.143179086538461453e-01,8.881366436298075984e-01,4.609374999999998890e-01,-2.461125300480769204e-02,6.267841045673077857e-03,8.627084585336538061e-03,-7.098858173076899591e-03,-6.815561147836539657e-01,-6.509164663461533551e-02,-3.901320237379807959e-02,2.176138070913460898e-02,-1.618135892427884776e-02
-7.646176938657411881e-01,-5.208930121527777235e-01,3.238534432870365243e-01,-2.062129267939815519e-02,-1.334183304398138927e-03,-1.391375506365741775e-02,-2.674461082175924598e-01,7.282208478009255526e-01,5.859501591435183343e-01,-6.054551866319442255e-02,7.765932436342586759e-03,-2.136682581018519572e-02,-7.501989293981464746e-02,-5.004141348379628207e-01,8.970413773148144809e-01,-3.063151041666667407e-02,6.769929108796292339e-03,-7.866753472222428462e-04,4.873083043981479845e-01,-8.727213541666665186e-01,2.005768952546297945e-01,-2.364456741898150749e-02,-5.243598090277778664e-03,-1.299370659722208499e-03,8.850368923611087735e-02,-8.639539930555557579e-01,4.649197048611111160e-01,-3.445457175925925597e-02,1.389928747106480844e-02,-1.854609736689813090e-02
-8.392833362926136465e-01,-3.895652077414771819e-01,4.113991477272728181e-01,-2.876559170809659532e-02,3.932606090198870023e-03,-8.503306995738635181e-04,-1.149014559659090884e-01,8.212169300426133134e-01,5.685313831676137575e-01,-5.460565740411931629e-02,1.334866610440340814e-02,-1.279518821022727557e-02,1.955344460227277648e-02,-2.909934303977273484e-01,-9.620194868607937488e-01,-2.680136940696022790e-02,3.760597922585227904e-03,1.191295276988636395e-02,5.393177379261362425e-01,-7.418712269176136465e-01,4.256702769886366311e-01,-1.693032004616476863e-02,-1.288812810724431976e-02,3.642689098011361350e-03,8.583762428977281811e-02,-7.070146040482955252e-01,6.946189186789772929e-01,-4.212258078835226516e-02,3.750887784090908145e-03,-1.412825150923295234e-02
-5.916622999237803882e-01,-5.399866615853657903e-01,6.428163109756090954e-01,-2.402909441692073489e-02,-6.687071265243824895e-04,-9.007300400152445236e-03,-1.092761528201216525e-01,5.030297256097557845e-01,8.187904916158537105e-01,-5.848031392911583193e-02,1.218529677972560350e-02,-1.588015672637195855e-02,2.308200743140248479e-01,-5.370855564024390461e-01,8.744378810975614869e-01,-3.122201314786586177e-02,4.408822408536578440e-03,8.744998094512195300e-03,7.497308498475607763e-01,-6.707674352134143092e-01,1.726002762957317416e-01,-2.112173685213417779e-02,-1.254823266006096019e-02,3.410227705792689967e-03,3.582507621951216414e-01,-7.394983803353661900e-01,5.520603086890242261e-01,-3.642548351753053387e-02,7.592475705030482351e-03,-1.086544874237804596e-02
-4.250256768588366318e-01,-7.835798592403022678e-01,5.033885035021551380e-01,-2.902747844827587020e-02,4.928062702047422347e-03,2.295448040140082857e-02,-3.810003872575428163e-01,3.359816978717669045e-01,8.185361664870691722e-01,-3.549089102909480653e-02,1.301837789601292469e-02,7.620449723868515102e-03,5.183778960129312163e-02,-7.571979391163796702e-01,6.991598195043103869e-01,-6.098253973598581623e-04,-2.892329775053884260e-03,2.037732354525859102e-02,5.745828562769395020e-01,-8.334666285021552490e-01,-5.484745420258593795e-02,1.160404599946117214e-02,-4.980679216056018571e-03,2.662921773976292730e-03,2.937222184806034808e-01,-9.212562297952588963e-01,2.410678205818968800e-01,-5.678900356950487144e-03,7.274233061691810255e-03,3.440067685883643062e-03
-6.707777543501420858e-01,-4.972256747159090606e-01,5.604026100852276260e-01,-4.076073386452414710e-02,6.738489324396303506e-03,4.392797296697458637e-03,-1.519470214843750000e-01,-8.402945778586647929e-01,4.142053777521303992e-01,-3.649174083362925758e-02,1.664664528586645709e-02,-1.000144264914772096e-02,1.384332830255681768e-01,-9.247686212713073228e-01,4.328169389204546968e-01,-1.429263028231533492e-02,1.401450417258523484e-02,1.052405617453835117e-02,3.605929287997159394e-01,6.457061767578127220e-01,6.603754216974434543e-01,-1.551957563920454940e-02,-7.891915061257101169e-03,8.191195401278422022e-03,7.910711115056820453e-02,8.296425559303978181e-01,4.650989879261359095e-01,-3.460728038441051452e-02,1.320752230557528835e-02,-5.057941783558252830e-03
-5.613574218750000400e-01,-5.109179687499999512e-01,6.607226562500001510e-01,-3.724853515624999833e-02,9.067382812499996669e-03,-5.932617187499981959e-04,-5.949218749999993228e-02,-7.097656249999999556e-01,2.763085937499999423e-01,-3.276367187500000416e-02,1.827148437500000083e-02,-3.022460937499995420e-03,1.103710937499999822e-01,9.797070312500000266e-01,2.507324218749998335e-01,5.957031250000046491e-04,1.024169921875000069e-02,1.420654296875000118e-02,2.852832031249999956e-01,5.731835937500000533e-01,7.264843750000000711e-01,6.049804687499996808e-03,-7.822265624999998057e-03,1.120361328125000187e-02,-5.649414062499993894e-02,7.706347656249999956e-01,5.244140625000000000e-01,-1.034912109375001055e-02,1.218749999999999868e-02,6.933593750000001388e-03
-7.763865777301445226e-01,-4.858786242102887676e-01,3.925631416403432827e-01,-3.134386634138081051e-02,-1.055665825248198672e-03,8.466699923849284673e-03,-2.488453999323106125e-01,-7.378722924187726129e-01,5.485231695622740933e-01,-3.286093150665612972e-02,1.047667355313628736e-02,-1.633164168264891053e-02,1.328724334386281458e-01,-8.454492892599277942e-01,5.921934933438628423e-01,-1.622631747800091020e-02,9.560705522337549153e-03,4.080101040726520287e-03,4.375193902301444115e-01,7.742333808100182457e-01,4.473035240861915618e-01,-1.856746742441335585e-02,-1.235642415952165930e-02,1.464226788131769465e-02,1.699447907265341229e-01,9.254128356272561806e-01,2.441820495825808290e-01,-3.536623737872293671e-02,1.303684496277076298e-02,4.648146646547829733e-03
-8.559015447443182323e-01,-5.096990411931817677e-01,3.981156782670454697e-01,-7.048728249289773484e-02,1.432661576704545060e-02,4.198109019886364646e-02,-2.844460227272727626e-01,-6.624200994318181213e-01,6.667591441761363535e-01,-3.217662464488636742e-02,-3.653786399147722699e-03,-4.755193536931816289e-03,1.868452592329545303e-01,-7.816938920454545858e-01,7.325550426136362425e-01,-1.902632279829544887e-02,-1.743108575994318024e-02,1.448475230823863605e-02,5.140713778409090606e-01,8.598743785511364646e-01,4.030650745738635354e-01,-1.660156250000000000e-02,8.322975852272963826e-05,2.915261008522727904e-02,1.928156072443181768e-01,-9.725341796875000000e-01,1.746715198863636742e-01,-5.273160067471592549e-02,3.338345614346591855e-02,8.295232599431818024e-03
-8.499526977539060280e-01,-3.299916585286459259e-01,4.050496419270834259e-01,-4.187266031901040741e-02,-2.326265970865882757e-02,2.340952555338540655e-03,-4.675242106119791852e-01,-5.520197550455727686e-01,5.964126586914060280e-01,-7.351748148600260879e-02,7.436116536458342585e-03,-2.467473347981771065e-02,3.308130900065104352e-01,-6.208140055338540186e-01,7.626444498697916297e-01,-4.569880167643226854e-02,-6.238301595052067432e-03,1.962725321451823726e-02,6.093571980794268983e-01,7.977828979492189720e-01,1.252517700195316386e-01,-3.523890177408854629e-02,1.680310567220051274e-02,1.251347859700521065e-02,4.407730102539058059e-01,8.928400675455729907e-01,-8.160909016926898296e-03,-5.471356709798176621e-02,3.381029764811198379e-02,-1.200358072916667129e-02
-7.818359374999996891e-01,-3.914517106681034697e-01,4.998206829202587187e-01,-3.400521113954740882e-02,-5.627862338362071837e-03,8.944807381465386988e-04,-3.654928273168102648e-01,-7.760733768857759340e-01,4.147705078125000222e-01,-4.270945581896552073e-02,1.285210971174568714e-02,-1.857299804687499722e-02,3.126161772629310609e-01,-8.468059671336207739e-01,5.408287311422413923e-01,-1.929636988146553669e-02,8.339927936422407082e-03,1.170948949353449973e-02,5.418608566810344529e-01,6.917901400862069838e-01,4.753156990840519125e-01,-2.777983566810345029e-02,-2.539272966056038520e-03,1.098569672683189814e-02,2.593699488146551935e-01,8.695632408405172820e-01,3.445531384698272137e-01,-4.365465887661638261e-02,1.670490133351293371e-02,-3.839742726293110444e-03
-5.644643241112385912e-01,-4.630698107798166263e-01,7.410339915424313251e-01,-2.548805726777522360e-02,9.099277881307377136e-03,1.044429114105503535e-02,-2.290957389621561535e-01,-8.816298738532107881e-01,2.364020391341742355e-01,-2.468564094753441032e-02,1.585458178038991889e-02,-1.702488890481651529e-02,3.746550673738532344e-01,-8.976871595470183873e-01,3.600290280963303058e-01,-1.149532773079130037e-02,1.421895158400231229e-02,-5.843696244266076770e-03,4.627495161983942729e-01,6.720362672018348471e-01,5.771865144782112322e-01,-1.751932966599770852e-02,-2.098153490538991889e-02,1.771307429042431186e-02,1.715300673738529569e-01,8.578474412270642446e-01,4.289953949254583510e-01,-3.599170369839448103e-02,1.213423702694980261e-03,8.032002580275232270e-03
-8.732421875000000444e-01,-4.105468749999999778e-01,4.898437500000000222e-01,-4.907226562500000000e-02,-3.112792968750000000e-02,2.661132812500000000e-02,-4.330078124999999778e-01,-6.711914062499999556e-01,5.551757812500000000e-01,-6.971435546875000278e-02,-4.003906249999999653e-03,-4.040527343750000000e-02,2.958007812499999778e-01,-7.680664062500000000e-01,7.349609375000000222e-01,-6.372070312500000000e-02,-2.314453124999999931e-02,4.626464843750001561e-03,5.889160156249999556e-01,8.179199218749999556e-01,4.161621093749999778e-01,-8.049316406249999722e-02,1.743164062500000139e-02,2.263183593750000416e-02,3.112792968750000000e-01,-9.821289062499997113e-01,1.979980468750000000e-01,-1.127441406249999889e-01,3.492431640625000278e-02,-1.810302734374999792e-02
-5.231531479779414351e-01,-3.462057674632352811e-01,8.628417968750002887e-01,-4.038947610294117696e-02,1.329130284926471547e-02,8.282111672794115545e-03,-3.800867417279411020e-01,-7.715877757352942456e-01,4.101131663602941568e-01,-3.814410041360292297e-02,8.012838924632351145e-03,-5.132697610294112422e-03,1.928596047794117752e-01,-9.429113051470590090e-01,3.796673943014706731e-01,-9.397259880514681821e-03,4.613539751838236468e-03,1.507855583639706142e-02,3.193991268382352922e-01,2.344209558823525108e-01,9.106387867647058876e-01,-4.826803768382338829e-03,-8.889590992647069742e-03,1.390955307904411485e-02,3.986931295955883359e-01,-8.608455882352938904e-01,3.304457720588237502e-01,-1.713436351102941291e-02,1.110696231617645975e-02,-1.284610523897062283e-03
-4.485107421874999778e-01,-3.081298828124999778e-01,8.609130859375000444e-01,-4.303588867187500139e-02,2.320556640624999931e-02,-4.333496093749999133e-03,-3.044921875000000666e-01,-8.920410156250000444e-01,2.544189453124999778e-01,-2.035522460937500000e-02,1.287841796875000173e-02,1.119995117187500173e-02,2.424316406250000000e-01,9.803710937499997558e-01,1.575683593749998557e-01,1.188964843750000069e-02,2.571411132812500069e-02,2.019042968750000416e-02,4.128417968750000000e-01,1.290527343750000888e-01,8.801025390625000222e-01,1.914672851562499931e-02,-5.828857421875000000e-03,-1.232910156250000000e-02,5.211669921874999556e-01,-8.677734375000000222e-01,1.439697265625000666e-01,1.429443359374999931e-02,2.919311523437499722e-02,1.527099609374999931e-02
-8.704119988207550396e-01,-3.013524469339621814e-01,3.955078125000003331e-01,-4.560477778596697812e-02,1.621807746167453629e-02,9.729925191627363662e-03,-5.209131780660377631e-01,-3.931401090801888154e-01,7.036915905070755262e-01,-4.692797390919811740e-02,6.369536777712261205e-03,-9.845085863797169157e-03,1.843676297169811185e-01,-6.294544147995282390e-01,8.016242261202830566e-01,-1.643803434551886766e-02,3.350023953419812434e-03,1.573785745872641542e-02,5.112396816037735325e-01,7.132361070165091910e-01,5.033212337853771867e-01,-1.900151090801878266e-03,-8.318055350825477590e-03,1.517587337853773359e-02,3.151855468749999445e-01,-5.280208947523582497e-01,7.906425044221699894e-01,-2.167669332252358805e-02,9.106905955188678362e-03,-2.624511718750000000e-03
-6.945786909623581362e-01,-3.585142655806107248e-01,6.746077104048295858e-01,-3.811524131081320266e-02,5.029158158735776846e-03,3.230008212002849662e-03,-4.566927823153409394e-01,-6.111138083718040681e-01,5.681263316761363535e-01,-5.058427290482955807e-02,8.839173750443888103e-03,-1.442232998934658492e-02,1.524762240323152829e-01,-8.348527388139205252e-01,6.121049360795455252e-01,-2.102331681685015025e-02,3.989999944513495343e-03,1.530369845303622411e-02,2.981782393022016087e-01,5.041365189985792528e-01,7.996007745916192677e-01,-1.221240650523793339e-02,-1.788052645596601396e-03,1.546010104092684738e-02,3.192825317382813610e-01,-7.369648326526988535e-01,5.864868164062502220e-01,-2.877599542791192330e-02,6.518970836292600941e-03,1.421841708096430743e-05
-2.389155446141478789e-01,8.267315928959003690e-01,5.706508427954180007e-01,-3.195160991509245901e-02,2.638249535269282520e-03,3.596167855707401578e-03,9.142053732918002940e-01,-1.011637108118970119e-01,4.044397482918005715e-01,-4.549101311294211081e-02,1.168519047678858933e-02,-7.999138050140670517e-03,-9.726672402532170469e-01,-1.625850959606107704e-01,3.171983332495981189e-01,-2.039398487741157437e-02,1.319085516730305468e-02,1.908143463625401950e-02,8.672079104702572483e-01,-4.850618908259646256e-01,1.848544890474276559e-01,-1.157744674437299198e-02,-3.177753215434076135e-03,1.180470948050643676e-02,8.529307865253216159e-01,-2.978083865052250090e-01,4.918428770598874955e-01,-2.908806018890675374e-02,1.810408711816721000e-02,-1.660313253617357650e-03
-1.819924181840551491e-01,8.016962967519686289e-01,5.835960568405512694e-01,-2.801705908587599769e-02,-9.313868725393775316e-04,5.089947557824808962e-03,8.944620447834642496e-01,-1.408326156496061965e-01,3.670817698080708902e-01,-4.694132166584645549e-02,4.722775436761814452e-03,-6.682148129921253177e-03,9.857187346210616319e-01,-1.657003567913384601e-01,3.466066375492125040e-01,-2.263058639886810983e-02,1.397176427165354104e-02,2.210529958169291445e-02,8.661955585629921295e-01,-4.412140132874015630e-01,2.500615157480314821e-01,-1.491516593873031156e-02,-4.248431348425111241e-04,1.563172828494095723e-02,8.256951279527559029e-01,-2.636853315698821087e-01,4.998750461368110520e-01,-3.098375215305117919e-02,2.100570558562992601e-02,1.085176242618115898e-03
-2.691650390624991673e-02,8.910454644097223209e-01,5.563693576388888395e-01,-2.709621853298610841e-02,3.390842013888892021e-04,1.173909505208333565e-02,-9.770575629340280122e-01,-1.415134006076388951e-01,9.760199652777773460e-02,-4.266018337673610494e-02,-3.526475694444440590e-03,-7.956610785590277971e-03,9.790106879340274570e-01,-3.696763780381943088e-01,3.208821614583333148e-01,-2.157253689236111188e-02,1.382107204861111188e-02,2.810668945312500000e-02,7.942843967013889506e-01,-6.168619791666666297e-01,2.507120768229166852e-01,-1.148308648003472203e-02,-2.237955729166666956e-03,1.933119032118055941e-02,7.427164713541667407e-01,-4.811943901909723209e-01,5.190565321180555802e-01,-3.137546115451388812e-02,2.013481987847222376e-02,4.508124457465278838e-03
-1.751521183894231004e-01,9.270770733173077094e-01,4.389272836538462563e-01,-2.428729717548076816e-02,3.765399639423077857e-03,7.697472205528846888e-03,-9.845721905048078204e-01,-4.366361177884617306e-02,2.885648287259615641e-01,-4.800415039062500000e-02,7.497934194711539796e-03,-1.457096980168269204e-02,-9.612473707932693845e-01,-2.742168719951922906e-01,2.710712139423077094e-01,-2.447979266826922837e-02,7.004957932692307092e-03,1.895141601562500000e-02,8.539100060096154188e-01,-5.823505108173077094e-01,6.782414362980768163e-02,-1.619779146634615224e-02,-1.052621694711538235e-02,1.091355543870192388e-02,8.450082632211538547e-01,-4.007568359374999445e-01,4.672663762019230727e-01,-3.174532376802884082e-02,9.767972506009619388e-03,-3.054105318509616786e-03
-2.644625025869205004e-01,-8.999589326365893260e-01,-2.599806627690397498e-01,-3.016349337748343643e-02,2.534656650972680683e-02,-5.010945907491726019e-03,-1.451019893418877271e-01,8.372956332781456013e-01,5.108537484478476998e-01,-5.350115441328642807e-02,1.178342301324503995e-02,-2.168203189673012510e-02,1.578506570778104301e-02,9.163826443501654762e-01,3.344532543460260188e-01,-2.836154154594370397e-02,3.053778844163906360e-03,6.664958221233443364e-03,3.188169365687086865e-01,-6.781224130794696325e-01,6.552976898799665051e-01,-1.381011356581126129e-02,3.362996688741719947e-03,1.077209876862582349e-02,-1.823536449710270180e-01,8.309447433774836966e-01,3.614089662665562752e-01,-3.235024963783113272e-02,7.161727804221858056e-03,-1.386912769039733498e-02
-2.653143493044020085e-01,-9.297945649916944388e-01,5.525932438745842501e-02,-2.430131981935215388e-02,1.621710184800662785e-02,-1.340340142234365539e-04,1.771998611399497880e-01,9.087043838247511607e-01,3.898504010070598103e-01,-5.002632014379154030e-02,1.238364793137458619e-02,-1.366051962209301716e-02,3.326712066549003533e-01,9.304856208471760093e-01,1.311148710029071129e-01,-2.324608077242526494e-02,5.069365137043187718e-03,1.374264333731312245e-02,4.307654498027406187e-01,-3.776028148359629188e-01,8.213644946532391300e-01,-4.667871418189391622e-03,-8.113620289140366371e-03,4.573986775851327131e-03,1.659645257994180334e-01,9.469330746470102644e-01,1.843294162686876791e-01,-2.974379023048172310e-02,8.245018233492528922e-03,-2.702174392649484870e-03
-5.554565429687501332e-01,-7.960327148437499334e-01,-6.260375976562500278e-02,-3.269042968749999445e-02,1.182403564453125139e-02,-4.370117187499997918e-03,-1.700622558593749001e-01,9.672119140624999556e-01,1.549987792968750000e-01,-5.508117675781250278e-02,1.598358154296875347e-02,-1.586608886718750278e-02,-4.624023437499980016e-02,9.631652832031250000e-01,-1.070861816406248057e-01,-2.718811035156249584e-02,8.238220214843747918e-03,1.291351318359374931e-02,1.661499023437500167e-01,-3.198730468750000666e-01,9.252868652343750888e-01,-1.665496826171875000e-02,-5.247497558593751388e-03,1.234588623046874861e-02,-1.483947753906249278e-01,9.539184570312500000e-01,-5.390625000000021094e-02,-3.100280761718750278e-02,1.121673583984375555e-02,-4.981994628906251735e-03
-6.269226074218750000e-01,-7.984313964843750000e-01,-4.205322265625000000e-02,-4.275512695312500000e-02,6.713867187500034694e-04,-9.307861328125000000e-03,-1.667175292968750555e-01,-9.869079589843746669e-01,1.144104003906250000e-01,-6.107330322265625000e-02,2.537536621093750000e-02,-1.058959960937500173e-02,-4.797363281250002776e-02,4.899597167968749445e-01,-1.493835449218749722e-01,-3.483581542968750000e-02,2.294158935546875000e-02,1.640319824218750000e-02,1.419982910156250278e-01,-2.799987792968750000e-01,9.559936523437500000e-01,-3.028106689453125000e-02,-1.990509033203125000e-02,2.389526367187499653e-02,-1.436767578125000000e-01,9.808044433593750000e-01,-8.453369140625000000e-02,-4.656982421875000000e-02,2.621459960937500347e-02,-1.228332519531250000e-03
-6.518691588785051616e-01,6.288651796144857364e-01,-2.720456702686914752e-01,-3.610372097692757243e-02,1.021682881863320187e-02,-1.505343713492991601e-03,4.974080023364205183e-04,6.452248831775695415e-01,7.518869560455607726e-01,-4.575583199474297924e-02,2.112672039281541375e-02,-6.122339551693920662e-03,5.678756571261682762e-01,1.944340500876171052e-01,-8.149322794976633366e-01,-1.815368081921728272e-02,1.157443322867989996e-02,8.582569728387844793e-03,4.774957104264020424e-01,-1.062970027745322316e-01,-9.262238974883179043e-01,-1.383102274386682415e-02,-7.826760550525689586e-03,3.108229592581774996e-03,6.986323561623830614e-01,-1.732531396028042792e-01,-7.996016172605140415e-01,-2.725191205461449662e-02,1.402553665303741398e-02,-1.025504709404205690e-02
-8.753674439709595578e-01,3.291607481060604412e-01,-1.489677043876263263e-01,-3.541210444286616021e-02,-6.697221235795437592e-03,-8.483270202020205689e-04,-1.252909958964646964e-01,4.606218434343434254e-01,8.432370580808080662e-01,-6.040630918560604967e-02,1.149372139362374486e-02,-9.480794270833328707e-03,5.764801333648990056e-01,4.208663786300504417e-01,-7.147722340593434254e-01,-2.957307449494948892e-02,2.049301609848484459e-02,1.568048650568180935e-02,5.725763494318181213e-01,3.069316208964651405e-01,-8.162262271148990056e-01,-1.906023121843434739e-02,5.421031605113644722e-03,1.097399779040402618e-02,7.598050820707071829e-01,1.899981257891411313e-01,-7.249102351641414366e-01,-3.740160392992424726e-02,2.528026850536616021e-02,-6.904370857007577703e-03
-8.591275823196308226e-01,3.572514681208052156e-01,-1.563220952181208767e-01,-3.356687814597316549e-02,2.993590079697981687e-03,-2.244373295931208386e-03,-7.385827390939594950e-02,3.430290478187914549e-01,9.142787856543623803e-01,-5.265449677537752116e-02,1.624805015205536829e-02,-8.752195627097312386e-03,6.442264838506711611e-01,5.601208578020137052e-01,-5.509696806837246497e-01,-2.260021235318791441e-02,1.479303756816274622e-02,1.297672962982382612e-02,7.371293650377519491e-01,1.347738176384227771e-01,-7.285598652474833958e-01,-1.627918217806208212e-02,-2.214060533766771133e-03,5.542729524958054169e-03,8.580969484060401165e-01,1.856501022441270909e-01,-6.017001363255033430e-01,-2.958074992135067971e-02,1.879800886115771952e-02,-8.506006842491611181e-03
-8.356714709051724643e-01,4.003754714439654583e-01,-1.661738954741378838e-01,-3.839490167025862849e-02,-3.773656384698263061e-03,-4.339810075430992333e-04,-3.620521282327583690e-02,4.589355468749999889e-01,8.686893857758621884e-01,-5.543633822737069339e-02,1.188207165948276453e-02,-5.792446794181036612e-03,6.065446524784482429e-01,3.766247979525861878e-01,-7.187213766163792483e-01,-2.623669854525861878e-02,2.173398774245689086e-02,1.239771349676724310e-02,6.012493265086207295e-01,4.390827047413786710e-02,-8.534785829741380336e-01,-1.377794989224138261e-02,6.160762392241388857e-03,4.970366379310345653e-03,7.716426454741379670e-01,1.957839439655178343e-02,-7.417867726293103647e-01,-3.267275053879310776e-02,2.624680091594829359e-02,-1.095686287715517439e-02
