-8.118132937002024985e-01,4.182824366596180621e-01,-1.819246451693184441e-01,-3.575796910016183772e-02,7.523616471613809101e-04,-1.216082933889437410e-03,-5.845757594621538850e-02,4.627680683515895677e-01,8.564122416583703767e-01,-5.325864510707173372e-02,1.515337575479332871e-02,-7.363855126369493742e-03,6.005713474228082660e-01,3.994651277701692371e-01,-6.903338793264537365e-01,-2.403861118027888349e-02,1.724960509524404995e-02,1.240557788377738904e-02,6.070075168077675443e-01,8.981019282246002766e-02,-8.256553862674377298e-01,-1.554244447989293343e-02,5.271881225100373200e-04,5.934027561628481273e-03,7.752384018612992200e-01,6.164453514068940487e-02,-7.110410895480676619e-01,-3.155262251774153953e-02,2.121251322833669212e-02,-9.290474819472082160e-03
-8.024367861491221721e-01,-4.187342373028771769e-01,3.961115962720309636e-01,-2.669874768089053677e-02,5.772408395176262079e-03,-2.613301179846933518e-03,-2.078384088010183095e-01,-7.238130870245770287e-01,5.781856954429509532e-01,-4.877580915178571924e-02,2.118350225388452787e-02,-7.755314927817710813e-03,1.536523256319570208e-01,5.876324428919241782e-01,8.130367470141450781e-01,-1.977607005160020304e-02,1.344053024263685940e-02,8.097292983244425840e-03,4.586713858128472210e-01,3.050534844619651187e-01,8.249008943065839761e-01,-1.741630823138913889e-02,-2.628814753884511392e-03,5.101701103026472055e-03,1.361217604939704007e-01,5.339423411410040288e-01,7.604749463705862134e-01,-3.076545559630102650e-02,2.114205723127322856e-02,-9.917023894074668972e-03
-4.042019314236111049e-01,-7.535536024305551361e-01,3.268364800347222099e-01,-3.343483253761573432e-02,7.717556423611110147e-03,7.719816984953701937e-04,-1.698133680555553859e-02,3.227945963541669627e-01,-2.577627676504634646e-01,-5.720689561631946141e-02,2.553643120659723070e-02,-1.120108145254629546e-02,-7.844147858796210460e-03,9.739357277199074403e-01,-2.083966290509258745e-01,-3.389824761284723764e-02,1.042796947337962764e-02,9.559913917824075166e-03,4.029676649305541369e-02,-9.618145978009264851e-01,-4.839861834490730153e-02,-2.548330801504630760e-02,-2.865261501736113617e-03,3.893816912615738653e-03,4.342086226851858688e-02,9.563847294560184897e-01,-2.570348668981479179e-01,-4.095685040509260133e-02,1.311012550636573952e-02,-1.483380353009259439e-02
-1.730617559523818794e-01,-8.179259672618992560e-01,6.042815290178602528e-01,-3.410214378720240885e-02,3.692801339285695789e-03,-1.391950334821423062e-03,3.047340029761740759e-03,-6.841192336309481759e-01,6.305226934523828763e-01,-5.287737165178574283e-02,1.600748697916666921e-02,-1.877220517113096024e-02,2.295131138392852710e-01,9.574967447916702401e-01,1.001660156249987998e-01,-2.648111979166668795e-02,8.925199962797617653e-03,1.434512183779759406e-02,4.019201078869052979e-01,8.983165922619127386e-01,3.299246651785422979e-02,-1.733770461309521241e-02,-6.852911086309526958e-03,9.303734188988091805e-03,2.124121093750000744e-01,9.397237723214242333e-01,-8.888346354166973273e-02,-3.469540550595232725e-02,1.273332868303571515e-02,-4.080984933035713101e-03
-4.731224346371405431e-01,-3.162483400593262273e-01,8.563143496481830930e-01,-2.760122943398181372e-02,3.642842206470734909e-03,-7.233946002345447183e-04,-1.312872947709701477e-01,-7.820562568984510410e-01,5.244679566777034063e-01,-5.064597561396249475e-02,1.641360655525662265e-02,-1.579395824710264074e-02,1.565679756484544549e-01,-8.931116773592676639e-01,4.979741178601000406e-01,-2.542525200917496175e-02,8.892135114859270328e-03,1.259291356236203092e-02,-2.646635278697723193e-02,-9.008724389486674200e-01,4.146019807188179307e-01,-1.536698162424116748e-02,-6.432135373551328174e-03,7.163748835885757477e-03,1.575833419564017512e-01,-9.739793520626445211e-01,1.577461023730687972e-01,-3.268735771937086865e-02,1.189377134209439885e-02,-6.015937586230665421e-03
-5.750933636675815697e-01,-4.951762105082427867e-01,6.900585579784817014e-01,-3.213713369963369648e-02,1.023512620192307612e-02,6.923577724358979252e-03,-1.350625286172163209e-01,-8.702450706845281658e-01,3.424917367788462008e-01,-3.335873111263736035e-02,1.539539155505952571e-02,-1.266513027987636701e-02,1.926466274610802443e-01,-9.313973786630066476e-01,3.809523809523803761e-01,-1.398509937328298695e-02,1.099303528502747207e-02,3.508291838369946569e-03,3.793310368017397405e-01,6.304784083104399972e-01,6.557116386217919368e-01,-1.571912381238553189e-02,-1.265685811584249532e-02,1.374900734031592880e-02,6.313226161858981333e-02,8.168998969780242314e-01,4.742105225503666643e-01,-3.403593070341117549e-02,8.033165564903880715e-03,2.108060396634655817e-03
-3.713532695620103130e-02,9.776793953002028692e-01,7.894392839566857778e-02,-3.283955731729823468e-02,4.488006351500989019e-03,4.617766132504926881e-03,3.304010826771672793e-01,8.086004782849369743e-01,-5.311942513533425281e-01,-4.562498077632876070e-02,1.132009911724901965e-02,-1.384392685777558439e-02,1.914254736712595883e-01,-9.189539631520718954e-01,-3.172155665600370766e-01,-2.413219542015255722e-02,1.200446181409943816e-02,1.206477608267717341e-02,-4.912416953740267322e-02,-8.982789047121012560e-01,-4.279093104084653598e-01,-1.531910333107775433e-02,-5.592646561269688441e-03,7.969172920767712137e-03,2.050089197834646382e-01,-9.606654850516760380e-01,-1.968427042322830889e-01,-3.296258881336122659e-02,1.311462882935530982e-02,-6.032628337229329479e-03
2.568992332175905613e-01,-3.003381799768586879e-02,-8.977740252459451842e-01,-3.272332085503470989e-02,7.017912688078704539e-03,-1.466821741174764455e-03,-1.174022533275462243e-02,-1.684479890046291506e-01,9.252183702256964182e-01,-4.535081651475696835e-02,1.971633345992478831e-02,-1.383633083767360841e-02,2.503831651475690867e-01,3.792882848668989448e-02,-9.680288809317103560e-01,-1.980760362413196141e-02,1.149721498842592136e-02,1.091144703052662583e-02,5.644587764033561772e-01,-6.271520543981475848e-01,-5.681265371817136867e-01,-1.608135082103587590e-02,-3.344500506365743857e-03,1.311605947989004199e-02,3.427237051504636312e-02,-6.984230324073914531e-02,9.601067437065949894e-01,-2.703857421874998265e-02,1.555972629123263291e-02,-6.997285065827547196e-03
-7.717715404072760244e-01,-5.212152199667019481e-01,3.158699410860655865e-01,-3.032971991867314948e-02,9.104744332735633869e-03,3.812696112961070152e-03,-6.498743276127066926e-02,7.587070152407749957e-01,6.345905241419049769e-01,-4.749360631723873599e-02,1.437653088178791547e-02,-1.206094710553278458e-02,6.305932216956959546e-02,-2.367013399718229105e-01,-9.685528864626031798e-01,-2.104962458376024789e-02,7.148367459656763262e-03,1.355330670466188894e-02,5.513415727459012317e-01,-7.206050685194640426e-01,4.544447601818648597e-01,-1.226206294825819137e-02,-8.610709768826847049e-03,6.447213595030733269e-03,6.840039862961072581e-02,-5.613543400998950439e-01,7.960995533427247528e-01,-3.159069624103483936e-02,9.405917808657807133e-03,-5.732802094006148735e-03
4.744750976562460698e-01,8.143398437500052323e-01,-2.099956054687461826e-01,-4.048583984374998224e-02,-1.319946289062447382e-03,6.314453124999936870e-03,3.087631835937525437e-01,8.625654296875056026e-01,-4.139370117187451958e-01,-5.298583984375002109e-02,8.590454101562550876e-03,-1.071606445312504007e-02,1.290898437500000440e-01,8.959531250000019043e-01,-3.683286132812516045e-01,-2.664074707031251210e-02,9.899902343749808487e-04,1.891394042968744596e-02,-1.340454101562515987e-01,-6.592402343749926841e-01,-7.564951171875092806e-01,-1.366113281249998514e-02,-1.196655273437477116e-03,1.583666992187507394e-02,2.757871093750000613e-01,-7.614731445312603597e-01,-6.622495117187596758e-01,-3.436743164062498052e-02,2.041540527343754102e-02,1.467407226562461933e-03
-1.929744686092336459e-01,7.682599591779343262e-01,5.975066863738753842e-01,-3.122305655264639296e-02,3.331089878941448888e-03,3.197289085960965636e-03,9.145280534440669573e-01,-1.047231313344589854e-01,3.982637422578830244e-01,-4.571074981231232348e-02,1.204720345345346166e-02,-8.725644589902424933e-03,-9.719802810623044964e-01,-1.577654314470711694e-01,3.047776780686937137e-01,-2.064766182197824360e-02,1.290664443740617215e-02,1.828946866788665887e-02,8.739684508727462164e-01,-4.710066511824299029e-01,1.776654584271772919e-01,-1.183073943083706898e-02,-3.390292147616369694e-03,1.107705605996621261e-02,8.618112741647847574e-01,-2.816187769801026253e-01,4.729517114771024655e-01,-2.928092887809684644e-02,1.777864290071323738e-02,-2.436274164789777735e-03
-5.823026519851125515e-01,-5.767837410825080724e-01,5.984486468672479687e-01,-2.892687776248450623e-02,-9.413802002558886023e-03,4.626858618951617576e-03,-2.079902440679262943e-01,9.663025356699790347e-01,-4.398771906017018285e-02,-6.412038495463695531e-02,2.108529897836537020e-02,-1.362022986778845500e-02,-4.328619339330068427e-02,9.551611206963397382e-01,-7.033430908808835369e-02,-3.654006692966799141e-02,1.567195012019233225e-02,1.749164590764579891e-02,1.844273418114137641e-01,9.060343323511234059e-01,2.719750794820100515e-01,-2.630933283576314050e-02,1.280829569246337389e-03,1.804141666989770090e-02,2.518222704714645488e-02,9.061276267835014497e-01,-2.337164867013068192e-01,-3.623595131242241668e-02,2.665842969719297434e-02,-5.344741101892049560e-03
5.133608742868217556e-01,-7.483006394255664606e-01,5.419491336553443617e-01,-2.737414094917014692e-02,8.819326820215271298e-03,-2.126859926089206231e-03,1.924694267051368923e-01,-9.328010527424716036e-01,1.605685538770769694e-01,-4.712458567005967103e-02,1.707718085451246509e-02,-1.818607061235739258e-02,4.280767796939828895e-01,-4.041525179914473576e-01,8.874445871693443788e-01,-2.373191232008557694e-02,6.037795197419625233e-03,1.243445685295642943e-02,4.577140333246883519e-01,5.992173317557104584e-01,6.462301040586101442e-01,-1.598019421842582569e-02,-1.003813051089211955e-02,1.028796943886151234e-02,1.792888720500519228e-01,5.672435206496392324e-01,7.594039727048689237e-01,-3.183122690287863710e-02,8.810716051283751238e-03,-2.940577590119273967e-03
-7.323697631122096929e-01,-5.947829575566538907e-01,1.954067297149117421e-01,-2.847504197505482809e-02,3.701907152320901926e-03,-4.952235528600141233e-03,-2.301360905518989031e-01,6.801272386695864647e-01,6.454671223958337034e-01,-5.364883155153511024e-02,1.241351568210891793e-02,-1.498984175118785872e-02,-4.888808936403553351e-02,-4.637336954038778769e-01,9.040641561586286734e-01,-2.587640773483188342e-02,6.937841225785838957e-03,9.835761890076746838e-03,4.633731953581870511e-01,-8.551896301626397134e-01,2.729313722130848885e-01,-1.695189001964546999e-02,-7.813749257584066965e-03,4.891378837719293285e-03,6.086097404970766678e-02,-7.862827234100935314e-01,5.615455672057751979e-01,-3.159033345897296202e-02,1.158847028051902817e-02,-9.411906638340610670e-03
3.551457923228317215e-01,8.656976654773677060e-01,-2.844459353469456220e-01,-2.733990526574804278e-02,5.624605914739175434e-03,2.829484113558075435e-03,2.826225701279544422e-01,8.820291353961573488e-01,-4.351364496185986530e-01,-4.668324387918307977e-02,1.472557248093012312e-02,-2.080601970041835030e-02,1.164233590674212393e-01,9.047217181348388149e-01,-3.603131151574779367e-01,-2.297132597194881387e-02,6.894089105561026012e-03,6.817194420521658672e-03,1.509346548966533363e-01,-1.880709430364182477e-01,9.774381382258857665e-01,-1.671450156865156994e-02,-1.247448057640256243e-02,7.657749446358263871e-03,-9.659894808070335070e-04,9.420886903297268633e-01,-1.897866556963579143e-01,-2.813192052165353410e-02,9.785088967150627759e-03,-1.223394438976373871e-02
5.276411242951111191e-01,-5.674342105263105451e-02,9.600949394971814987e-01,-2.712209601151314986e-02,8.481592164003763298e-03,1.340019971804523808e-04,9.410354499530099170e-01,-2.300171816259394542e-01,2.512372239191728029e-01,-4.946188102091165356e-02,1.690123134985901943e-02,-1.398209880169172872e-02,-9.468140566259400925e-01,-1.680329975328951342e-01,5.351819490131581869e-02,-2.308689203477443455e-02,8.692691200657893733e-03,1.321066949600564235e-02,9.692805010573298796e-01,-3.465438498590232008e-01,2.189923049812109168e-03,-1.392519384398496589e-02,-8.099778254229327012e-03,7.466940055216165009e-03,-9.736089491306431087e-01,-1.070584175281945050e-01,1.184173813439852591e-01,-3.117978662476503932e-02,1.170268811677631013e-02,-5.691413592575188772e-03
-7.889979986496942210e-01,3.041208526232797027e-03,6.378327546296322925e-01,-3.074604552469134902e-02,8.742344232253099548e-03,-1.811613859953698207e-03,-2.401270736882696599e-01,4.051667390046265194e-01,8.488841869212996327e-01,-4.735996576003088931e-02,1.312768253279322089e-02,-1.209852430555555074e-02,1.347662278163580529e-01,5.537205825617258492e-01,8.670850212191389961e-01,-2.010528187692902854e-02,6.969913435571000598e-03,1.313762900270062060e-02,2.949393566743827022e-01,4.085624035493815587e-01,8.516872829861127370e-01,-1.055034119405862982e-02,-9.787326388888892281e-03,7.893729504243822415e-03,6.800672743055562186e-02,7.415545428240766235e-01,6.170554832175904059e-01,-2.945255232445986859e-02,1.065191575038583124e-02,-4.375693238811729016e-03
-6.861203626525798072e-01,-3.671923563234638088e-01,6.399751356238735367e-01,-4.000429563884491668e-02,8.024853780515400770e-03,6.044687888505823579e-03,-4.202079566003589783e-01,-6.289994031136942887e-01,5.515180867145118571e-01,-4.814592192444622221e-02,8.266124759832779723e-03,-1.329330251186708334e-02,1.592631279667718336e-01,-8.339914387432132425e-01,5.751780946259058558e-01,-2.001114305492767906e-02,3.069417170547050940e-03,1.525503644891502801e-02,3.358275704961571906e-01,5.247050004238295040e-01,7.384551946767635711e-01,-1.240724422185805753e-02,-3.475472034640600134e-03,1.570987528961356391e-02,3.123847726887415410e-01,-7.647614573915069158e-01,5.054673372513543983e-01,-2.950293763421108981e-02,9.247653954283494016e-03,-1.006693779667712681e-03
4.631750362435564927e-01,-2.398870409149436722e-02,-9.814402786726776906e-01,-2.696810063627576304e-02,2.167062661082482574e-03,-1.381156370811853148e-03,9.668698654961360717e-01,-1.424472454896910101e-01,3.046975676546394562e-01,-5.185471367590206715e-02,1.199246436050258741e-02,-1.024509705219071518e-02,-9.144199017396911211e-01,-8.175690641108268597e-02,1.042178439110825194e-01,-2.447383919942009919e-02,3.001419539304129094e-03,1.803557405766753260e-02,-9.850822527384031080e-01,-2.799462387242265260e-01,6.447074339561864598e-02,-1.739439030283504786e-02,-1.356805231153350791e-02,1.314206467461339831e-02,-9.382072527384045513e-01,-3.745670908505188690e-02,1.987430533182989456e-01,-3.340636577802835738e-02,3.567095884342804876e-03,-1.401291680090207062e-03
3.768818359374971338e-01,8.653955078125054046e-01,-2.383945312499972102e-01,-2.521508789062503267e-02,1.771240234374997155e-03,5.534667968750004753e-03,3.085019531250018376e-01,8.645341796874959073e-01,-4.675771484374963149e-01,-4.640356445312501799e-02,1.070288085937501354e-02,-2.021069335937501418e-02,1.365068359375001261e-01,8.740957031249967368e-01,-4.021542968749972080e-01,-2.396264648437499561e-02,4.615478515625020227e-03,7.010253906249972779e-03,1.386572265624997635e-01,-2.714257812500012190e-01,-9.660888671875017542e-01,-2.038134765624999636e-02,-1.353027343750000389e-02,1.316113281249999510e-02,2.645703125000006817e-02,9.443994140625023848e-01,-2.408203124999996614e-01,-3.194458007812500666e-02,6.447753906250033862e-03,-1.115405273437495778e-02
-6.894706530448739823e-01,-5.243289262820529650e-01,5.249436598557699618e-01,-3.306571764823718063e-02,1.687074318910280341e-03,4.395939753605773888e-03,9.891451322115239753e-03,-6.358010316506447213e-01,7.168557191506431669e-01,-4.105146359174682152e-02,1.725369966947117376e-02,-1.800067608173082367e-02,3.622671274038426203e-02,-7.747965494791664298e-01,6.866079477163479217e-01,-1.750112680288463257e-02,1.114016801883015162e-02,5.591133313301276282e-03,4.620924729567305600e-01,7.753386668669927095e-01,4.222900390624996780e-01,-2.368117112379815314e-02,-1.369237655248393970e-02,1.002619816706730449e-02,9.408553685897443064e-02,9.259790665064128179e-01,2.609011919070515217e-01,-3.656710111177879224e-02,7.667737129407094405e-03,-2.408854166666659843e-03
-1.819924181840551769e-01,8.016962967519672967e-01,5.835960568405506033e-01,-2.801705908587596994e-02,-9.313868725393881567e-04,5.089947557824808962e-03,8.944620447834668031e-01,-1.408326156496062798e-01,3.670817698080709457e-01,-4.694132166584646243e-02,4.722775436761800574e-03,-6.682148129921253177e-03,9.857187346210625201e-01,-1.657003567913389874e-01,3.466066375492126150e-01,-2.263058639886810636e-02,1.397176427165354451e-02,2.210529958169292486e-02,8.661955585629913523e-01,-4.412140132874023957e-01,2.500615157480315376e-01,-1.491516593873031156e-02,-4.248431348425228335e-04,1.563172828494093988e-02,8.256951279527541265e-01,-2.636853315698804989e-01,4.998750461368113296e-01,-3.098375215305118613e-02,2.100570558562994683e-02,1.085176242618141919e-03
3.490385910560332983e-01,1.074909078663785489e-01,-9.673306169180997394e-01,-3.821263806573277355e-02,9.960516567887925041e-03,-3.969389816810318201e-04,1.928256330818962916e-01,-2.642460264008614779e-01,8.887358566810341642e-01,-4.409348060344829567e-02,2.202316810344828735e-02,-1.302406047952586049e-02,4.211257408405168490e-01,-1.261550377155176983e-01,9.544012661637957251e-01,-2.128653690732758633e-02,1.502432987607759361e-02,9.339220770474145061e-03,6.331105199353448398e-01,-5.306068157327598067e-01,-6.165156923491412755e-01,-2.029945110452587020e-02,-3.595602101293106975e-03,1.974550444504310012e-02,1.935092268318966136e-01,-1.542413119612055517e-01,9.354256465517244434e-01,-3.283102101293104008e-02,2.056926858836208988e-02,-1.131760169719825057e-02
-5.788621168870187184e-01,-3.255779559795671241e-01,8.106830303485595968e-01,-3.672907902644232531e-02,9.355398324819696326e-03,-7.705688476562455548e-04,2.537653996394243494e-01,1.564730130709136857e-02,9.444251427283673062e-01,-4.647328303410457745e-02,2.508955735426680184e-02,-7.997659536508432143e-03,6.605224609374995559e-01,7.220881535456742384e-01,3.795412503756009914e-01,-2.466143094576321582e-02,1.471944955679088327e-02,1.099043626051683306e-02,8.757781982421862788e-01,2.848921555739181710e-01,-4.819758488581749045e-01,-1.698039128230167602e-02,-1.034516554612380235e-02,4.244290865384611582e-03,7.872807429386983191e-01,6.040191650390638323e-01,-3.040266770582928935e-01,-3.018305851862981143e-02,1.285406259390023571e-02,-9.913811316856939795e-03
-2.884048872606111980e-01,-9.249249886775302576e-01,-5.241087603519312133e-02,-2.683398639686852827e-02,1.885733594558752779e-02,-2.179321541796062564e-03,4.828222049689415846e-02,8.904399990295087663e-01,4.084295742753623060e-01,-5.175705429930126111e-02,1.242804675368788803e-02,-1.639849107951604074e-02,2.029015835274323165e-01,9.484529672942569878e-01,1.745317352484472284e-01,-2.534980852905021134e-02,4.588883362448270380e-03,1.147713671066252425e-02,3.743332888522256097e-01,-4.663267905667646263e-01,7.816285948822478957e-01,-8.612654470755813640e-03,-4.278273809523813406e-03,7.095873972890782630e-03,3.167206505564187924e-02,9.189463234342635234e-01,2.200131623641305156e-01,-3.075540041084364601e-02,8.117675781250036429e-03,-6.394285592973602064e-03
-7.045236361228811584e-01,-4.905550681938554147e-01,5.241926807468217930e-01,-3.505952479475634570e-02,8.343712758209755054e-03,1.660363148834765462e-04,-6.971249337923737799e-02,-2.251680018538133876e-02,9.523346464512703058e-01,-4.523791297007416501e-02,2.304801294359112157e-02,-9.862867452330503770e-03,3.648019564353809363e-01,8.269663665254245455e-01,4.693437996557203729e-01,-2.167782541048728778e-02,1.292548745365465837e-02,9.982868776483059051e-03,6.417898404396191747e-01,4.894522974046606190e-01,-6.298124668961890826e-01,-1.309255826271187029e-02,-1.147667836334746033e-02,4.476256289724572963e-03,5.168188062764830226e-01,7.416123212394077902e-01,-4.606168068061436971e-01,-2.761168399099576953e-02,1.027769961599575739e-02,-8.184400655455508974e-03
-4.488118489583320381e-02,-9.845059159873205124e-01,1.216209522192026604e-01,-3.599216627038044625e-02,8.453369140625010408e-03,8.011527683423919077e-03,3.668602100317039927e-01,8.320436339447441210e-01,-5.185316887454687329e-01,-5.021247310914855183e-02,1.800979393115943739e-02,-1.508895210597825665e-02,2.445439877717388577e-01,-9.232566944067027714e-01,-3.172642804574263287e-01,-2.292268172554347630e-02,7.571897644927529959e-03,8.848770805027167050e-03,-7.617895153985809742e-03,-8.994618291440225066e-01,-4.138307433197484508e-01,-1.296289416326993314e-02,-6.822226704030800483e-03,3.407796223958328707e-03,2.512100883152174613e-01,-9.659706889719177347e-01,-1.718006963315213687e-01,-2.858125990715580308e-02,1.270061990489129884e-02,-1.109380307404888785e-02
4.612496798155742983e-01,-2.498999423668032960e-01,9.666728035348355341e-01,-3.099085073002049232e-02,1.615930776127047150e-02,-8.861103995901634112e-03,-1.363705494364755300e-01,-3.193319351946717344e-01,8.648341444672128508e-01,-4.202520651895493703e-02,1.631239594006147348e-02,-1.871778144211064948e-02,1.021188204405737848e-01,-8.155897797131139715e-02,-9.632468301741783367e-01,-1.770619877049181209e-02,5.214003265881148735e-03,5.131956006659844569e-03,4.321329085553277105e-01,-7.996045722336071471e-01,-4.802286116803278215e-01,-1.783227138831967179e-02,3.460993532274586268e-03,9.898701652151639316e-03,-1.447753906249999722e-01,-1.092349193135249141e-01,9.390568967725413385e-01,-2.071193007172131978e-02,8.182713242827863165e-03,-1.353979892418032821e-02
4.558443509615390798e-01,-8.480093149038461231e-01,4.268817608173075540e-01,-2.215106670673076469e-02,1.150841346153846922e-02,1.096754807692308133e-03,5.127704326923077788e-02,-9.474984975961531219e-01,1.031437800480768385e-01,-4.603553185096154188e-02,1.570575420673076678e-02,-2.168907752403845604e-02,2.431265024038462008e-01,-2.933819110576929567e-01,-9.897460937499980016e-01,-2.503662109374999584e-02,1.027268629807689959e-03,1.289156400240384394e-02,2.448692908653844758e-01,7.051194411057690736e-01,6.664250300480769607e-01,-1.768047626201922976e-02,-1.311129056490385053e-02,1.423245943509614947e-02,-2.943960336538456457e-02,6.757549579326920242e-01,7.054912860576926237e-01,-3.455059344951923878e-02,8.299842247596150163e-03,7.737379807692297551e-04
4.455301036005435700e-01,2.216637652853257201e-01,9.742537788722819281e-01,-3.852247155230979075e-02,9.374203889266314454e-03,3.488291864809786418e-03,2.431348717730975606e-01,-4.341404127038035465e-01,8.488265327785320391e-01,-3.937099290930708845e-02,2.433644170346468960e-02,-1.805844514266319659e-03,4.637690005095105317e-01,-3.012244183084243354e-01,9.287321671195669648e-01,-8.406265922214689601e-03,1.773071289062501041e-02,1.567077636718750694e-02,6.428779933763593135e-01,-4.328533670176634152e-01,-6.924040421195669648e-01,-1.113228175951067045e-03,-3.487628439198372978e-03,1.635277789572010462e-02,2.263820482336957318e-01,-2.765980596127708413e-01,9.131151282269025504e-01,-1.227868121603256646e-02,1.828732697860053699e-02,-1.558386761209239885e-03
-6.230672200520809279e-02,-9.650166829427080373e-01,1.125895182291666297e-01,-5.274327596028648146e-02,-1.516850789388021759e-02,8.051554361979171293e-03,2.868754069010414631e-01,8.291931152343755551e-01,-5.037689208984380551e-01,-5.773417154947917823e-02,1.380030314127603935e-02,-1.836140950520826973e-03,7.536315917968745837e-02,-9.776967366536445381e-01,-2.469024658203124445e-01,-2.597173055013020371e-02,2.270507812499999306e-02,2.132415771484381939e-03,-1.261596679687497224e-01,-9.013671875000004441e-01,-3.403727213541666297e-01,-1.332982381184895718e-02,9.866078694661453707e-03,-3.547668457031284694e-04,5.388387044270838422e-02,9.868672688802080373e-01,-1.597646077473955650e-01,-2.885818481445312500e-02,2.644729614257811806e-02,-2.050654093424476854e-02
4.468149038461546319e-01,-3.570087139423039346e-02,-9.883250701121777393e-01,-2.709569686498396537e-02,4.356971153846153112e-03,1.745761969150642738e-03,9.435346554487197279e-01,-1.571326622596157796e-01,3.040239383012822705e-01,-4.879760742187500000e-02,1.339878180088140830e-02,-1.096989558293269031e-02,-9.377410106169875581e-01,-9.647936698717946014e-02,1.192720853365384914e-01,-2.233182466947115224e-02,4.162910657051275935e-03,1.639967698317308306e-02,9.867099859775638748e-01,-2.907620943509611200e-01,8.913949819711550204e-02,-1.445985451722755881e-02,-1.432448167067307959e-02,1.106849083533653633e-02,-4.214054987980767608e-01,-5.948893229166701824e-02,2.154697516025640691e-01,-3.143545297475961592e-02,3.445356320112200749e-03,-4.076052934695513844e-03
-9.128005238180545433e-01,-2.403183202005730879e-01,-8.183257969197427206e-02,-2.878480927650431051e-02,1.027349346346706320e-02,-3.065748679262172635e-03,-3.215681802919032606e-01,1.585431030623212778e-01,8.952454837482123340e-01,-5.239527136685173669e-02,2.309105116180158040e-02,-1.479324297098853248e-02,9.385353241404020830e-02,1.819561190454866695e-01,-9.704456930515839019e-01,-2.766623947886821117e-02,1.713374009446636329e-02,1.285498326692335186e-02,2.321539499015046193e-01,-4.450494717048732174e-02,9.625597410010762189e-01,-1.978098697170485240e-02,1.523605390401191334e-03,8.882626421472058012e-03,8.851111994090264667e-02,1.299163905802303842e-01,9.305864131894633351e-01,-3.760867405757516851e-02,2.387331549964187560e-02,-6.676266733076644672e-03
-4.546725365423390230e-01,-7.289714197958687691e-01,5.015386766003018248e-01,-2.454991494455647377e-02,4.786337575604845788e-03,4.276644799017141965e-03,-2.398081133442528101e-01,3.452857232862899250e-01,8.600375267767155218e-01,-4.677950951360888149e-02,1.209012923702118200e-02,-8.196676931073610534e-03,1.470553490423386900e-01,-7.093525548135118930e-01,7.435607910156265543e-01,-1.773391231413812275e-02,3.699764128654249931e-03,1.267045544039818554e-02,6.522492439516121010e-01,-7.771616289692502288e-01,-1.131808373235873577e-02,-7.663849861391128920e-03,-6.477355957031253469e-03,3.921754898563504371e-03,3.570911038306452401e-01,-8.596762380292342076e-01,3.439892184349802040e-01,-2.262607697517635477e-02,1.011239328692037885e-02,-4.680510490171371947e-03
4.524113581730748734e-02,-7.235952524038455902e-01,5.142503004807694733e-01,-3.083683894230768510e-02,1.437424879807691624e-02,7.145808293269237908e-04,-2.490985576923078135e-02,9.806114783653854250e-01,6.945612980769216849e-02,-4.337533804086539380e-02,1.693772536057691971e-02,-1.213566706730769169e-02,8.554311899038455347e-02,-7.856107271634606981e-01,4.395470252403846922e-01,-1.715932992788462425e-02,8.380596454326922143e-03,1.289532001201922941e-02,1.957707331730767497e-01,7.687875600961534550e-01,4.589768629807693401e-01,-8.342097355769238429e-03,-1.668419471153846645e-02,1.128023587740384533e-02,-8.251953124999933387e-03,4.974233774038459011e-01,2.472768930288461176e-01,-2.370511568509615918e-02,2.331542968749997571e-03,-1.539024939903846975e-03
-4.356796532346489670e-01,-4.003049616228070984e-01,6.073404947916667407e-01,-2.998860677083333218e-02,2.907200863486844936e-03,-1.059013500548245355e-02,-1.391430235745615140e-01,-8.389100191885958679e-01,4.281155770285087758e-01,-6.180612664473685014e-02,2.057741399396929849e-02,-1.642381099232455982e-02,1.127115885416666713e-01,-9.530179207785073325e-01,3.351836622807017885e-01,-3.657612047697369334e-02,1.473945483826754471e-02,1.512065686677631360e-02,-2.674838952850860929e-02,-9.214680989583341475e-01,3.420367324561404132e-01,-2.673232764528508248e-02,4.465203536184181310e-04,9.684244791666667823e-03,1.357250548245614308e-01,9.934638843201758496e-01,2.472245065789499541e-02,-4.426976254111843201e-02,1.740037349232455982e-02,-6.401195860745614689e-03
6.129585946669561247e-01,-8.005537292766979895e-01,2.419829032790489221e-01,-3.251311252934271923e-02,5.241143311693084728e-03,6.448808410357965808e-03,-2.418482247653654105e-04,-9.645698081719422667e-01,-1.512147428843857444e-01,-4.098525069688969957e-02,1.761308410357979859e-02,-8.465834066901435986e-03,6.992508436032840446e-02,-5.057115151848641244e-01,9.082208911018196940e-01,-1.710273850132043930e-02,1.027554077721537160e-02,1.449771218456571975e-02,2.362547681924748177e-02,6.834917381895592170e-01,6.908274189407277444e-01,-7.418780259683163680e-03,-1.043257019329519100e-02,9.739262397300467097e-03,-2.033324622212482058e-01,5.108138250073375186e-01,7.699496130428344909e-01,-2.324536820532563386e-02,9.528075025674924425e-03,-3.448486328124990459e-03
-6.472833806818178992e-01,1.765444028627611295e-01,7.939384833916081075e-01,-4.511906550480771633e-02,9.039605414117123441e-03,1.393138111888112332e-02,4.607906741695820263e-01,3.588986696896859785e-01,8.038014231861879688e-01,-3.321849049388114761e-02,2.535007716892481028e-02,2.764935260052432328e-03,7.534606506774470525e-01,7.160559167395113001e-01,-3.071391499125936120e-02,-1.686064179960666126e-02,1.899986000327798935e-02,9.608982326267487273e-03,8.685516144012228601e-01,-1.056924032998247526e-01,-5.695732490166115491e-01,-4.969456812718504174e-03,-1.345846536276224144e-02,5.117989920236010529e-03,8.489537805944031845e-01,1.976702496722024804e-01,-4.925818810096150857e-01,-1.820000068291079132e-02,1.394631979348776030e-02,-7.624272699956293961e-03
-8.423325146321105628e-01,-3.774789663461549649e-01,3.010466202445651329e-01,-3.450323506741223567e-02,4.535075414140888640e-03,-5.443866436298174134e-03,-2.800382786371212740e-01,7.543884073212855368e-01,5.531585591293903814e-01,-5.020029329535954932e-02,2.199113010164094675e-02,-1.406584774770066465e-02,-3.906658261914762453e-02,7.331253102790563636e-01,6.874938760712805408e-01,-2.439926300559156630e-02,1.790820475804760434e-02,1.272838171509197910e-02,3.335883609427256480e-01,5.656350432431079822e-01,7.393839654316459731e-01,-1.556447517114339582e-02,8.175444842191490619e-05,1.021093668347616661e-02,4.837291296509191318e-02,7.478398862092401345e-01,5.854292139161738628e-01,-3.253347339438754371e-02,2.359559942647370540e-02,-5.939292269805588123e-03
5.040729229266820433e-01,4.349459134615435429e-02,9.797269381009613420e-01,-2.366227370042067388e-02,8.458064152644242245e-03,2.799400916466350574e-04,9.762174166165886735e-01,-1.279367300180291878e-01,2.394057053786058653e-01,-4.785684438852163408e-02,1.737095759465143857e-02,-1.575293907752403286e-02,-9.251004732572120082e-01,-6.011023888221167510e-02,4.808631310096156408e-02,-2.197441687950721020e-02,1.014181283804086592e-02,1.094818115234375173e-02,-9.874408428485588196e-01,-2.500610351562496669e-01,3.389798677884720002e-03,-1.337961050180288408e-02,-8.284935584435097755e-03,5.081176757812495663e-03,-9.439086914062529976e-01,-2.511831430292432721e-04,1.530573918269232669e-01,-2.979219876802885122e-02,1.409559983473557265e-02,-6.972092848557692908e-03
-8.673798025470890183e-01,-3.422717786815067109e-01,3.135016454409246811e-01,-4.456736943493153774e-02,-1.332949285637839362e-02,9.146912457191784529e-03,-3.889578205265399879e-01,-4.847111114083907379e-01,6.963024400684925119e-01,-5.559926490261130755e-02,7.869354666095900938e-03,-1.626795938570205213e-02,2.402042754708901828e-01,-5.968903842037661667e-01,8.325161868578780933e-01,-2.869613856485445785e-02,-3.913774882277367556e-03,1.628091890517979409e-02,5.767053055436648368e-01,8.168627595248274531e-01,1.469141293878425958e-01,-2.460845529216608429e-02,5.604783149614721988e-03,1.564464830372431017e-02,3.879310921446917915e-01,9.140675165881867459e-01,-1.000474903681469740e-02,-4.395200128424655434e-02,2.757660330158393999e-02,-2.447676985231146424e-03
-2.691650390624972244e-02,8.910454644097219878e-01,5.563693576388888395e-01,-2.709621853298610494e-02,3.390842013888898526e-04,1.173909505208333738e-02,-9.770575629340276791e-01,-1.415134006076388951e-01,9.760199652777806767e-02,-4.266018337673611188e-02,-3.526475694444430181e-03,-7.956610785590277971e-03,9.790106879340274570e-01,-3.696763780381945308e-01,3.208821614583333703e-01,-2.157253689236111188e-02,1.382107204861111015e-02,2.810668945312500347e-02,7.942843967013888395e-01,-6.168619791666662966e-01,2.507120768229166852e-01,-1.148308648003472029e-02,-2.237955729166666956e-03,1.933119032118055247e-02,7.427164713541666297e-01,-4.811943901909725430e-01,5.190565321180558023e-01,-3.137546115451388812e-02,2.013481987847222029e-02,4.508124457465277103e-03
-6.456453169899420974e-01,-5.567963698814661910e-01,5.535383553340511575e-01,-2.918287255298131905e-02,1.562710466056027245e-03,-1.787909146012927296e-03,-8.412187948994270803e-02,6.225305316091935826e-01,7.496716729525852996e-01,-5.336191462374283156e-02,1.052751212284483776e-02,-1.231717515265804037e-02,1.820910223599136735e-01,-4.174846780711197747e-01,9.494250067349163658e-01,-2.401768476113505524e-02,4.595175556752886803e-03,1.084531586745689745e-02,6.946502334770108256e-01,-6.857264727011505023e-01,3.030486709770116027e-01,-1.601716841774425068e-02,-9.666355176903739660e-03,3.597566451149421599e-03,2.564472768498563537e-01,-6.751723015445377785e-01,6.664155105064658580e-01,-3.128577922952587020e-02,9.859983948455473129e-03,-8.510896529274419864e-03
5.158017914870687282e-01,7.336004849137939265e-02,9.802667025862068506e-01,-2.517594962284482735e-02,1.756549703663793510e-02,-8.022966056034480306e-03,-9.887863685344829845e-01,-8.547447467672412980e-02,1.876515355603449731e-01,-5.599870352909482735e-02,2.786360115840517265e-02,-2.417834051724137429e-02,-9.139362203663797812e-01,-1.088530441810336979e-02,-4.706021012931022041e-03,-3.307684536637930939e-02,1.838631465517241367e-02,5.686792834051723061e-03,-9.709893588362066286e-01,-2.054064520474139788e-01,-5.384563577586201633e-02,-2.181691136853447857e-02,2.462452855603444388e-03,1.050225619612068367e-03,-9.480401400862067396e-01,5.930091594827571755e-02,1.030105064655172376e-01,-4.064310008081897102e-02,2.291975350215516571e-02,-1.191027411099138122e-02
-6.984939575195310280e-01,-3.956756591796876110e-01,6.535720825195312500e-01,-4.475975036621093056e-02,2.098464965820313541e-02,-4.943847656249996531e-03,7.393646240234380551e-02,3.633880615234375000e-02,-9.883880615234381661e-01,-5.940628051757813888e-02,3.077316284179688194e-02,-1.571846008300781250e-02,5.424575805664061390e-01,8.170700073242183059e-01,4.039001464843750000e-01,-3.399848937988281250e-02,1.968193054199218056e-02,5.149841308593802042e-04,7.755813598632810280e-01,4.036636352539059724e-01,-5.767822265625000000e-01,-2.547073364257812847e-02,-1.223945617675781597e-02,-5.159378051757815969e-03,6.805343627929687500e-01,6.874160766601560280e-01,-4.031524658203121669e-01,-3.818130493164063194e-02,1.172828674316406250e-02,-2.029800415039062500e-02
-2.311197916666341001e-03,9.858289930555547143e-01,3.400065104166682950e-02,-4.251573350694443781e-02,1.467556423611112836e-03,3.499348958333358848e-04,3.127441406249997780e-01,7.841145833333339477e-01,-6.015570746527785229e-01,-5.634765625000001665e-02,2.053358289930556912e-02,-1.638454861111105290e-03,8.528645833333332871e-02,-9.726508246527764134e-01,-2.673936631944444087e-01,-2.711588541666666227e-02,1.998969184027777485e-02,1.715766059027784909e-03,-1.493815104166663632e-01,-8.788085937500001998e-01,-4.293240017361110716e-01,-1.641845703124999653e-02,4.044596354166664007e-03,-9.548611111111146577e-04,6.240776909722225985e-02,9.858506944444440645e-01,-1.525173611111108329e-01,-3.033447265625000000e-02,1.891411675347222029e-02,-1.640896267361111049e-02
-1.284391310451915291e-01,-7.035059213134219336e-01,7.583229758522765929e-01,-2.664307156778542712e-02,5.798597920520618884e-03,-7.860631317719427025e-03,7.134790400370041863e-02,8.390948112116849433e-01,4.959796800673884620e-01,-5.480286031646408595e-02,9.887308197344067337e-03,-1.310500937334830099e-02,2.014160156249995837e-01,9.402650345203507065e-01,2.473175500462473919e-01,-2.745872320130815850e-02,3.724305876717786713e-03,1.598321055761101062e-02,3.635310683139533205e-01,8.848275634249546107e-01,2.236648140195561518e-01,-1.908942256871033749e-02,-1.114865841371563172e-02,1.046423881804967732e-02,2.466259043010042840e-01,9.408472557148500615e-01,-3.137697377114126440e-02,-3.625875396405916357e-02,8.041026980377941752e-03,-1.549234853990438289e-03
4.636428420608103007e-01,1.112687394425678766e-01,-9.815508868243247864e-01,-1.847715635557431457e-02,2.776274809966217377e-03,1.303842905405405705e-02,-9.836755701013512043e-01,-2.860404349662160062e-02,1.984929265202704796e-01,-4.275925095016892136e-02,1.371476456925675713e-02,-1.143996779983108038e-02,-9.081503378378382729e-01,4.209776182432438396e-02,1.200907939189188589e-02,-1.380549250422297494e-02,5.734005489864863435e-03,1.448512721706080725e-02,-9.564967799831083362e-01,-1.667282516891894217e-01,-3.580949113175665999e-02,-6.953059016047298188e-03,-1.280913481841216596e-02,1.090384818412162143e-02,-9.514819995777025197e-01,9.518845016891872013e-02,1.467483108108108003e-01,-2.311252903293919275e-02,8.163864548141885891e-03,-8.478937922297303392e-04
-9.047092013888888840e-01,-2.616771556712962910e-01,-3.245081018518586324e-02,-2.664794921875000139e-02,1.004683883101851333e-02,-6.567834924768514195e-03,-2.910933883101849973e-01,2.030363859953702999e-01,8.799225983796288286e-01,-5.514503761574075791e-02,2.334436487268519780e-02,-1.690040870949073570e-02,9.059968171296288453e-02,2.696108217592589340e-01,9.800202546296321593e-01,-3.099862557870371876e-02,1.539668330439815727e-02,1.190456814236110980e-02,2.387369791666664742e-01,1.544234664351831765e-02,8.841091579861093397e-01,-1.976408781828704192e-02,8.671513310185155823e-04,8.447265624999995143e-03,1.025806568287037646e-01,1.932526765046293227e-01,9.248860677083337034e-01,-3.841959635416666852e-02,2.132613570601854178e-02,-7.323314525462963978e-03
-6.095052083333329929e-01,-5.489420572916665630e-01,1.847873263888887563e-01,-2.619357638888888257e-02,1.509738498263889922e-02,-6.210666232638885689e-03,-1.226074218749999833e-01,-6.334906684027771240e-01,6.997558593750002887e-01,-7.054578993055556080e-02,1.371527777777777589e-02,-2.752143012152777346e-02,1.522189670138888451e-01,-9.654893663194431541e-01,-1.080891927083332815e-01,-4.369439019097223070e-02,2.020941840277771899e-03,1.174587673611111188e-02,3.787272135416666630e-01,9.586805555555555358e-01,-5.679796006944434761e-02,-3.756646050347221821e-02,-7.177734375000001388e-03,2.959526909722218213e-03,1.968912760416666741e-01,9.698404947916663410e-01,-2.360351562499997391e-01,-5.447048611111111882e-02,7.585991753472218907e-03,-1.727023654513887285e-02
-5.178982429979257507e-01,-7.751029240145183019e-01,3.749012294151967128e-01,-2.560399478896523834e-02,3.932968709478741609e-03,-3.054670278462132040e-03,-3.864447249416468333e-01,8.573114545513533802e-01,2.433838903656645181e-01,-5.060396946317428230e-02,1.362337611028269398e-02,-1.628499011281120748e-02,-2.184906639004154383e-01,9.124755859375015543e-01,1.775160666817946487e-01,-2.430984687013745468e-02,5.376412166104803207e-03,1.078511471570277325e-02,5.060194339989493306e-02,-7.806872609245254502e-01,5.935646152100612083e-01,-1.326488953903005863e-02,-5.166208101011413902e-03,6.849360169216800812e-03,-2.737039273210628565e-01,8.999535018477688997e-01,8.826494019061242868e-02,-3.082705929071577131e-02,1.198454417628372348e-02,-1.042054995461619629e-02
-7.774265556578459080e-01,-4.393298884106307534e-01,4.478810304289419508e-01,-3.339818480667797879e-02,-3.996053319068421268e-03,3.379773182474128668e-03,-3.002832497760722918e-01,-7.616176726711696432e-01,4.780911002189482950e-01,-3.961978596486855075e-02,1.221325139331207350e-02,-1.769679367162618061e-02,2.186897423616635527e-01,-8.514120502836316495e-01,5.583301714271515781e-01,-1.910653083947055908e-02,9.963017360419977944e-03,8.248104411325601210e-03,4.814285958648477082e-01,7.219949710141397858e-01,4.812244974124184616e-01,-2.439938684937310864e-02,-6.876271241789413784e-03,1.154536350517515464e-02,2.102960477209395718e-01,8.871607689341101111e-01,3.171989295133363918e-01,-4.044317743580803926e-02,1.492086033912224698e-02,-1.139549692724922680e-03
-8.515218989332636879e-01,-3.756864785626373715e-01,-1.223887103391647080e-01,-2.210247281865421534e-02,9.328095083424532696e-03,-7.370162062363344070e-03,-2.066711826449652289e-01,-6.313690252324944963e-01,6.722521625410304846e-01,-5.101831214954870297e-02,1.510746995521062598e-02,-2.440765180525169414e-02,8.721002290754924224e-02,9.574954911446953432e-01,-1.350754752461689745e-01,-2.625019232084246229e-02,4.456100630812390336e-03,2.159722993879919367e-02,3.264400557303062111e-01,9.283321722852919677e-01,-9.622826774480477963e-02,-2.137218784190374199e-02,-1.180182191944743539e-02,1.640616986631572571e-02,1.751027848057987446e-01,8.917757197073312714e-01,-3.212425849630810015e-01,-3.811077894214982831e-02,9.981051054773006775e-03,2.576965732699625436e-03
-1.751521183894230449e-01,9.270770733173082645e-01,4.389272836538460343e-01,-2.428729717548076816e-02,3.765399639423076122e-03,7.697472205528851225e-03,-9.845721905048079314e-01,-4.366361177884614531e-02,2.885648287259615641e-01,-4.800415039062500000e-02,7.497934194711534592e-03,-1.457096980168269031e-02,-9.612473707932697176e-01,-2.742168719951922906e-01,2.710712139423077094e-01,-2.447979266826923184e-02,7.004957932692306224e-03,1.895141601562500347e-02,8.539100060096151967e-01,-5.823505108173078204e-01,6.782414362980773714e-02,-1.619779146634615224e-02,-1.052621694711538582e-02,1.091355543870192388e-02,8.450082632211538547e-01,-4.007568359375003331e-01,4.672663762019231282e-01,-3.174532376802884776e-02,9.767972506009614184e-03,-3.054105318509616352e-03
