,0,1,2,3,4,5,6,7,8,9,10,11,12,13,14,15,16,17,18,19,20,21,22,23,24,25,26,27,28,29
0,0.140380859375,0.96044921875,0.180908203125,-0.00152587890625,0.05145263671875,0.0269775390625,0.452392578125,0.772216796875,-0.4560546875,0.05712890625,0.04681396484375,0.0115966796875,0.3251953125,0.989990234375,-0.298583984375,-0.01251220703125,-0.00787353515625,-0.0018310546875,0.0322265625,-0.999267578125,-0.332763671875,0.00079345703125,-0.0277099609375,-0.0126953125,0.284423828125,0.984619140625,-0.070556640625,-0.01416015625,-0.01031494140625,-0.01007080078125
1,-0.195556640625,-0.854736328125,0.50048828125,-0.00299072265625,0.02166748046875,-0.0035400390625,0.02685546875,-0.809326171875,0.65625,0.00030517578125,0.0035400390625,-0.01129150390625,0.230712890625,0.993896484375,0.125732421875,-0.02587890625,0.01141357421875,0.014404296875,0.327880859375,0.9658203125,0.10302734375,-0.00994873046875,-0.00494384765625,0.00628662109375,0.18896484375,0.984619140625,-0.140869140625,-0.0352783203125,0.01904296875,-0.0074462890625
2,-0.974365234375,-0.138916015625,-0.2314453125,-0.0166015625,0.0023193359375,0.03387451171875,-0.14013671875,-0.034912109375,-0.9501953125,0.02587890625,-0.0045166015625,-0.0030517578125,0.041259765625,0.13232421875,-0.97998046875,0.0062255859375,0.02288818359375,0.0069580078125,0.303466796875,-0.006103515625,0.95068359375,0.01239013671875,-0.01177978515625,-0.01025390625,0.028076171875,0.188720703125,0.93701171875,0.0018310546875,0.022216796875,-0.01123046875
3,-0.87548828125,-0.357666015625,0.1806640625,-0.01080322265625,0.00848388671875,0.03192138671875,-0.026123046875,0.55859375,0.872802734375,0.0089111328125,-0.02587890625,0.0186767578125,0.1640625,0.675048828125,0.7431640625,0.0069580078125,-0.00909423828125,0.041259765625,0.3310546875,0.4599609375,0.81103515625,0.0115966796875,-0.040771484375,0.02105712890625,0.106689453125,0.68212890625,0.656982421875,-0.008544921875,-0.009033203125,0.02386474609375
4,-0.8291015625,-0.522216796875,-0.1533203125,0.04425048828125,0.03094482421875,0.05029296875,-0.1708984375,0.694091796875,0.731689453125,0.02850341796875,-0.025390625,-0.01397705078125,-0.236083984375,-0.6328125,0.7724609375,0.009765625,0.02880859375,0.0103759765625,0.359130859375,-0.9189453125,0.2587890625,-0.0048828125,0.02984619140625,0.01202392578125,-0.0498046875,-0.877685546875,0.435546875,-0.00848388671875,0.0416259765625,0.00079345703125
5,-0.237060546875,-0.8017578125,0.47265625,-0.00213623046875,0.01336669921875,0.0145263671875,0.130615234375,-0.683837890625,0.7578125,0.00299072265625,0.012939453125,-0.02606201171875,0.261474609375,0.96142578125,0.080078125,-0.01336669921875,-0.00579833984375,0.0150146484375,0.357666015625,0.9228515625,0.08935546875,-0.0067138671875,-0.02044677734375,0.0081787109375,0.2421875,0.953857421875,-0.13916015625,-0.02960205078125,0.00689697265625,-0.004150390625
6,-0.130126953125,-0.5927734375,0.79052734375,0.00909423828125,0.02001953125,0.03564453125,0.279296875,0.792724609375,0.606201171875,0.03631591796875,0.0008544921875,-0.02325439453125,0.3330078125,0.936279296875,0.25439453125,0.0279541015625,-0.0072021484375,-0.00360107421875,0.4462890625,0.88232421875,0.183837890625,0.04296875,-0.0396728515625,-0.01300048828125,0.330322265625,0.951416015625,-0.0439453125,0.0245361328125,-0.01580810546875,-0.00439453125
7,-0.81884765625,-0.5654296875,0.03369140625,0.0107421875,-0.01959228515625,-0.03790283203125,-0.246337890625,0.8740234375,0.5234375,-0.03948974609375,0.01446533203125,-0.0294189453125,-0.022216796875,0.97412109375,0.307861328125,-0.0638427734375,0.01165771484375,-0.0107421875,-0.02587890625,-0.855712890625,0.51318359375,-0.087646484375,0.007568359375,-0.00018310546875,-0.080810546875,0.930419921875,0.31982421875,-0.06414794921875,0.02880859375,-0.04608154296875
8,-0.841796875,-0.3818359375,0.27490234375,-0.02569580078125,0.01763916015625,0.01611328125,0.104736328125,0.463623046875,0.927734375,0.02056884765625,0.00323486328125,0.00299072265625,0.2138671875,0.6337890625,0.7890625,-0.0028076171875,0.01361083984375,0.02252197265625,0.35791015625,0.487548828125,0.79541015625,0.007080078125,-0.009765625,0.00982666015625,0.168212890625,0.71044921875,0.639404296875,-0.01690673828125,0.01568603515625,0.0020751953125
9,-0.722412109375,-0.48876953125,0.50927734375,-0.036865234375,-0.00750732421875,-0.021240234375,-0.0556640625,-0.638916015625,0.890869140625,-0.1875,-0.04388427734375,0.0380859375,-0.06396484375,-0.71142578125,0.808349609375,-0.1778564453125,-0.002685546875,0.077392578125,0.3603515625,0.727294921875,0.710693359375,-0.0167236328125,0.06573486328125,0.00848388671875,-0.02099609375,0.98046875,0.368896484375,-0.03570556640625,0.07080078125,-0.079833984375
10,-0.885009765625,-0.498779296875,0.004638671875,0.0401611328125,-0.01165771484375,-0.0050048828125,-0.134033203125,0.95947265625,0.384765625,-0.027587890625,-0.01513671875,-0.03057861328125,0.074951171875,-0.98046875,0.150146484375,-0.048828125,-0.01861572265625,-0.0040283203125,0.00244140625,-0.811767578125,0.5947265625,-0.10400390625,0.0318603515625,0.000244140625,-0.028564453125,0.977783203125,0.16748046875,-0.056396484375,-0.01287841796875,-0.03033447265625
11,-0.718994140625,-0.166259765625,0.653076171875,-0.0316162109375,0.01727294921875,0.0015869140625,0.652099609375,-0.141357421875,0.835205078125,0.00830078125,0.002685546875,0.00079345703125,0.7333984375,0.73046875,0.23046875,-0.0101318359375,0.01806640625,0.0125732421875,0.8369140625,0.442626953125,-0.39111328125,-0.00604248046875,-0.00506591796875,-0.00494384765625,0.828369140625,0.55419921875,-0.334228515625,-0.0234375,0.0164794921875,-0.01654052734375
12,-0.8720703125,-0.343994140625,0.16796875,-0.0201416015625,-0.02471923828125,-0.01385498046875,-0.32421875,-0.8583984375,0.439208984375,-0.006103515625,0.00738525390625,0.03131103515625,0.358642578125,-0.902099609375,0.427978515625,-0.0126953125,0.0130615234375,0.02734375,0.50146484375,0.633056640625,0.5888671875,-0.01983642578125,0.01531982421875,0.003662109375,0.20849609375,0.86572265625,0.322998046875,-0.03204345703125,0.01409912109375,-0.0157470703125
13,0.1025390625,0.84716796875,-0.53759765625,-0.04522705078125,-0.0118408203125,0.021484375,0.3798828125,0.913330078125,-0.149169921875,-0.01910400390625,-0.0052490234375,0.023193359375,0.298095703125,0.91943359375,-0.22998046875,-0.02362060546875,-0.01715087890625,0.04754638671875,0.214599609375,-0.01171875,-0.99853515625,-0.00445556640625,0.01495361328125,0.02947998046875,0.145263671875,0.96044921875,-0.1767578125,-0.0224609375,-0.0244140625,0.0247802734375
14,-0.618408203125,-0.56396484375,0.4658203125,-0.0321044921875,-0.01995849609375,-0.0494384765625,-0.027099609375,-0.708984375,0.740478515625,-0.06884765625,0.0078125,0.0169677734375,-0.076171875,-0.80078125,0.64208984375,-0.06512451171875,0.0340576171875,0.0374755859375,0.3447265625,0.6015625,0.69873046875,-0.0439453125,0.023681640625,-0.03472900390625,-0.10498046875,0.872802734375,0.317138671875,-0.06024169921875,-0.00970458984375,-0.0501708984375
15,-0.925537109375,-0.206787109375,-0.19482421875,0.00653076171875,0.0096435546875,-0.04644775390625,-0.10400390625,-0.114501953125,-0.9677734375,-0.06170654296875,0.0157470703125,-0.01885986328125,0.092041015625,0.0302734375,-0.9677734375,-0.0745849609375,0.01763916015625,0.004638671875,0.32763671875,-0.125244140625,0.93359375,-0.05718994140625,0.01123046875,0.0123291015625,0.065185546875,0.099853515625,0.93359375,-0.07647705078125,0.02239990234375,-0.017822265625
16,-0.8779296875,-0.37158203125,-0.082763671875,-0.01837158203125,-0.01611328125,0.0352783203125,-0.108154296875,-0.816162109375,0.601806640625,0.02276611328125,-0.020751953125,-0.00640869140625,0.091796875,0.60009765625,0.8037109375,0.00531005859375,0.00482177734375,0.041015625,0.37255859375,0.43359375,0.78076171875,0.0125732421875,-0.0218505859375,0.02008056640625,0.0595703125,0.64599609375,0.6611328125,-0.00518798828125,0.0054931640625,0.017822265625
17,-0.8740234375,-0.390625,-0.1953125,-0.012939453125,0.0172119140625,0.01995849609375,-0.045654296875,0.719970703125,0.7158203125,0.01641845703125,0.0142822265625,-0.00531005859375,-0.15625,-0.473876953125,0.90625,-0.00396728515625,0.01239013671875,0.021728515625,0.34814453125,-0.88916015625,0.37109375,0.007568359375,0.00750732421875,0.012939453125,-0.060302734375,-0.75,0.622802734375,-0.0184326171875,0.02801513671875,0.00189208984375
18,-0.68310546875,0.356689453125,0.614501953125,-0.02154541015625,-0.02532958984375,-0.07281494140625,-0.1533203125,0.41845703125,0.956787109375,-0.03228759765625,0.04180908203125,-0.05999755859375,0.021240234375,0.7470703125,0.716064453125,-0.08038330078125,0.015380859375,-0.03961181640625,0.186279296875,0.5634765625,0.812744140625,-0.07415771484375,0.005859375,-0.03973388671875,0.006591796875,0.86181640625,0.465576171875,-0.09796142578125,0.0042724609375,-0.06549072265625
19,-0.65576171875,-0.75146484375,-0.06982421875,-0.01617431640625,0.0616455078125,0.02484130859375,-0.22607421875,0.52490234375,0.886474609375,0.02130126953125,0.0003662109375,-0.0391845703125,-0.220947265625,-0.534912109375,0.87841796875,-0.01171875,0.04718017578125,0.00909423828125,0.27099609375,-0.90771484375,0.390380859375,-0.01470947265625,0.03216552734375,0.01959228515625,-0.0234375,-0.787109375,0.600341796875,-0.04345703125,0.0531005859375,-0.0020751953125
20,0.110595703125,0.943603515625,0.109130859375,0.04046630859375,0.01806640625,0.04248046875,0.3408203125,0.743896484375,-0.475341796875,0.00543212890625,-0.0484619140625,-0.00311279296875,0.2978515625,-0.927978515625,-0.287353515625,0.0863037109375,0.0142822265625,0.0838623046875,0.0380859375,-0.97509765625,-0.369384765625,0.10205078125,-0.04052734375,0.07611083984375,0.224365234375,-0.990478515625,-0.071533203125,0.06170654296875,0.0115966796875,0.09649658203125
21,0.165283203125,0.8828125,-0.44677734375,-0.0447998046875,0.03387451171875,0.01593017578125,0.39111328125,0.87646484375,-0.224609375,-0.03369140625,0.01654052734375,0.00830078125,0.272705078125,0.88134765625,-0.34423828125,-0.029052734375,0.006591796875,0.041015625,0.223876953125,-0.108642578125,-0.97900390625,0.01287841796875,0.00604248046875,0.02056884765625,0.161376953125,0.927734375,-0.31591796875,-0.02117919921875,-0.03216552734375,0.0162353515625
22,-0.903076171875,-0.398681640625,0.056396484375,0.00811767578125,0.0076904296875,0.03717041015625,-0.317138671875,-0.853515625,0.474365234375,0.087890625,-0.005615234375,-0.040283203125,0.32861328125,-0.854736328125,0.572265625,0.033203125,0.03582763671875,-0.04095458984375,0.432373046875,0.581787109375,0.72607421875,0.01580810546875,-0.06622314453125,-0.0174560546875,0.181884765625,0.93798828125,0.305908203125,-0.010009765625,-0.03424072265625,0.02203369140625
23,-0.440185546875,-0.337646484375,0.816650390625,0.01129150390625,-0.03118896484375,-0.00274658203125,-0.17626953125,-0.91845703125,0.412841796875,-0.04132080078125,0.01068115234375,-0.0338134765625,0.030029296875,-0.970703125,0.375,-0.0531005859375,-0.001708984375,-0.00439453125,-0.036865234375,-0.96728515625,0.289794921875,-0.03985595703125,-0.01025390625,-0.01129150390625,0.117431640625,0.9990234375,0.116943359375,-0.05035400390625,-0.006103515625,-0.0322265625
24,-0.764404296875,-0.523681640625,0.34912109375,-0.0316162109375,0.019287109375,-0.0224609375,-0.03076171875,0.97021484375,0.3330078125,0.0191650390625,0.0146484375,-0.01983642578125,0.199462890625,0.984130859375,-0.061767578125,-0.003173828125,0.0087890625,0.00341796875,0.4267578125,0.912109375,-0.01123046875,0.012939453125,-0.00323486328125,0.00213623046875,0.380126953125,0.8984375,-0.29443359375,-0.0101318359375,0.0234375,0.0
25,0.12353515625,0.86181640625,-0.55712890625,-0.07684326171875,0.0037841796875,0.017578125,0.348876953125,0.92919921875,-0.147216796875,-0.0557861328125,-0.00811767578125,0.01666259765625,0.2744140625,0.92578125,-0.234130859375,-0.052490234375,-0.03961181640625,0.05596923828125,0.15625,-0.14111328125,0.9736328125,-0.0137939453125,0.02685546875,0.022216796875,0.12451171875,0.971923828125,-0.10009765625,-0.0457763671875,-0.055419921875,0.01812744140625
26,-0.665771484375,-0.648681640625,-0.09814453125,-0.02679443359375,0.0050048828125,0.0247802734375,-0.224609375,0.51708984375,0.84326171875,0.01275634765625,0.02886962890625,-0.0079345703125,-0.233154296875,-0.51171875,0.832763671875,-0.0181884765625,0.0250244140625,0.03790283203125,0.190673828125,-0.919921875,0.359375,0.01416015625,0.00830078125,0.0262451171875,-0.073486328125,-0.799072265625,0.538818359375,-0.0255126953125,0.035888671875,0.0162353515625
27,-0.861328125,-0.46484375,-0.14453125,-0.03643798828125,0.03564453125,0.0426025390625,-0.089599609375,0.802978515625,0.63623046875,0.02825927734375,0.003173828125,0.00634765625,-0.212158203125,-0.435791015625,0.88427734375,-0.0355224609375,0.0347900390625,0.0206298828125,0.303955078125,-0.888671875,0.47119140625,0.03173828125,0.0032958984375,0.02294921875,-0.110107421875,-0.73046875,0.63232421875,-0.002685546875,0.0306396484375,0.0263671875
28,-0.704833984375,-0.68798828125,-0.297607421875,0.0164794921875,-0.00152587890625,0.015869140625,-0.24267578125,0.49609375,0.89208984375,0.00714111328125,-0.00360107421875,-0.01385498046875,-0.280517578125,-0.575927734375,0.79443359375,-0.00567626953125,0.00732421875,0.00396728515625,0.13671875,-0.969970703125,0.271484375,0.00384521484375,0.00067138671875,0.0023193359375,-0.094482421875,-0.831787109375,0.50537109375,-0.0230712890625,0.009765625,-0.01251220703125
29,-0.713134765625,-0.69140625,-0.199462890625,0.01519775390625,0.01605224609375,0.0213623046875,0.049072265625,-0.807373046875,0.635009765625,-0.03033447265625,0.01763916015625,-0.026611328125,0.30224609375,0.949951171875,0.076171875,-0.005859375,-0.0235595703125,0.0238037109375,0.509765625,0.85400390625,0.08642578125,-0.00531005859375,-0.04400634765625,0.01202392578125,0.396240234375,0.89697265625,-0.2119140625,-0.02398681640625,-0.021240234375,0.01495361328125
30,0.16162109375,0.879150390625,0.262451171875,0.03021240234375,0.068603515625,-0.02435302734375,0.445556640625,0.730224609375,-0.45703125,-0.0047607421875,0.00567626953125,-0.0345458984375,0.31494140625,-0.9794921875,-0.219482421875,-0.02862548828125,0.00433349609375,0.0303955078125,0.03515625,0.994140625,-0.342529296875,-0.01239013671875,-0.017333984375,0.02813720703125,0.248046875,0.97509765625,-0.058837890625,-0.02874755859375,0.01318359375,0.02606201171875
31,0.267333984375,0.927734375,-0.323486328125,-0.01922607421875,-0.0428466796875,-0.0087890625,0.483154296875,0.825927734375,-0.272705078125,-0.0643310546875,-0.02496337890625,-0.0203857421875,0.426025390625,0.794921875,-0.436767578125,-0.07293701171875,-0.0101318359375,0.025634765625,0.147705078125,-0.380615234375,-0.948974609375,-0.03790283203125,0.01788330078125,0.03387451171875,0.21826171875,0.93994140625,-0.236083984375,-0.05914306640625,-0.0262451171875,-0.006103515625
32,0.0302734375,0.904296875,0.244873046875,-0.06646728515625,-0.0216064453125,-6.103515625e-05,0.43603515625,0.77001953125,-0.3798828125,-0.10992431640625,-0.0130615234375,0.0023193359375,0.35888671875,-0.8984375,-0.29931640625,-0.03570556640625,0.0479736328125,0.0115966796875,0.124267578125,-0.8984375,-0.47119140625,-0.00823974609375,0.03704833984375,0.00775146484375,0.333251953125,-0.957763671875,-0.145263671875,-0.0364990234375,0.04962158203125,-0.01861572265625
33,0.203369140625,0.8818359375,-0.4638671875,-0.01397705078125,0.03558349609375,0.017333984375,0.34130859375,0.920166015625,-0.119384765625,0.00921630859375,0.03057861328125,0.01470947265625,0.272705078125,0.9423828125,-0.179931640625,-0.0103759765625,0.0211181640625,0.02947998046875,0.094970703125,-0.220458984375,0.989990234375,0.02008056640625,0.00250244140625,-0.00299072265625,0.553955078125,-0.578369140625,-0.72607421875,0.00823974609375,0.02471923828125,-0.003662109375
34,-0.657958984375,-0.44384765625,0.58056640625,-0.0367431640625,-0.02105712890625,-0.025634765625,0.0849609375,-0.697265625,0.78369140625,-0.040771484375,0.0220947265625,0.0308837890625,-0.02490234375,-0.77294921875,0.7041015625,-0.04376220703125,0.02923583984375,0.05596923828125,0.360595703125,0.529541015625,0.775146484375,-0.0244140625,0.03240966796875,-6.103515625e-05,0.007568359375,0.861083984375,0.423828125,-0.053466796875,0.03070068359375,-0.03045654296875
35,-0.64697265625,-0.7548828125,-0.1923828125,0.0225830078125,-0.04058837890625,0.00762939453125,0.09375,-0.874755859375,0.547119140625,-0.01556396484375,-0.0068359375,-0.0399169921875,0.34228515625,0.96142578125,0.1376953125,0.00360107421875,-0.0345458984375,0.04364013671875,0.551025390625,0.8427734375,0.10546875,0.00823974609375,-0.05767822265625,0.04473876953125,0.383056640625,0.92041015625,-0.1396484375,-0.01678466796875,-0.0345458984375,0.03948974609375
36,0.336669921875,0.9013671875,-0.25732421875,-0.0087890625,0.06488037109375,0.027099609375,0.306396484375,0.9375,-0.175048828125,0.02581787109375,0.03961181640625,0.0,0.18994140625,0.947509765625,-0.235107421875,0.00970458984375,0.0413818359375,0.01007080078125,0.052978515625,-0.361572265625,-0.950439453125,0.033203125,-0.02471923828125,-0.031982421875,0.510498046875,-0.492919921875,-0.810546875,0.02618408203125,0.0086669921875,-0.022705078125
37,-0.47216796875,-0.2666015625,0.80419921875,-0.0013427734375,0.006103515625,-0.0020751953125,-0.097412109375,-0.88916015625,0.458251953125,0.0013427734375,0.002685546875,-0.00579833984375,0.12548828125,-0.939453125,0.41357421875,-0.01318359375,0.00616455078125,0.0142822265625,0.058349609375,-0.95458984375,0.327392578125,-0.003173828125,-0.00775146484375,0.00262451171875,0.18212890625,-0.97607421875,0.158203125,-0.02349853515625,0.01904296875,-0.00335693359375
38,-0.9150390625,-0.209228515625,-0.271484375,-0.05792236328125,-0.01025390625,0.02435302734375,-0.188232421875,-0.00927734375,-0.96923828125,-0.009521484375,-0.009033203125,0.00860595703125,0.03857421875,0.162841796875,-0.9755859375,-0.01470947265625,-0.008056640625,0.0313720703125,0.28466796875,-0.0556640625,0.96142578125,0.0064697265625,-0.02825927734375,0.0126953125,0.044189453125,0.140625,0.94482421875,-0.01837158203125,-0.00787353515625,0.00244140625
39,-0.774169921875,-0.53271484375,0.38623046875,-0.0167236328125,0.01513671875,0.00225830078125,0.038330078125,-0.66650390625,0.82373046875,-0.04132080078125,-0.02227783203125,-0.009765625,-0.036865234375,-0.714599609375,0.7744140625,-0.0615234375,0.00543212890625,-0.0008544921875,0.3759765625,0.6357421875,0.707763671875,-0.02862548828125,-0.0076904296875,0.00494384765625,0.01953125,0.92138671875,0.359375,-0.05804443359375,0.00537109375,-0.013671875
40,-0.969970703125,-0.300537109375,-0.0244140625,-0.0535888671875,-0.0689697265625,-0.07427978515625,-0.45263671875,-0.737060546875,0.565185546875,-0.07958984375,0.01568603515625,-0.01885986328125,0.247314453125,-0.861083984375,0.57421875,-0.07415771484375,-0.00372314453125,0.0301513671875,0.42919921875,0.63916015625,0.6630859375,-0.07257080078125,0.00994873046875,0.050537109375,0.17041015625,0.914794921875,0.22705078125,-0.1121826171875,0.0302734375,0.0113525390625
41,-0.788818359375,0.2578125,0.4990234375,-0.0595703125,0.0299072265625,0.0128173828125,-0.04345703125,0.50634765625,0.908203125,-0.04150390625,0.02923583984375,0.014404296875,0.096923828125,0.804443359375,0.609619140625,-0.04632568359375,0.03460693359375,0.025634765625,0.279296875,0.72412109375,0.63916015625,-0.02545166015625,0.01776123046875,0.01568603515625,0.1005859375,0.912353515625,0.306640625,-0.0504150390625,0.0350341796875,-0.01434326171875
42,0.088623046875,0.958984375,0.243408203125,0.0142822265625,0.0369873046875,0.02777099609375,0.318359375,0.82568359375,-0.43505859375,0.06707763671875,0.02056884765625,-0.05706787109375,0.339111328125,-0.9443359375,-0.268310546875,0.02294921875,-0.0234375,0.04962158203125,0.086669921875,-0.919677734375,-0.440673828125,0.0548095703125,-0.07635498046875,0.0179443359375,0.260986328125,-0.991455078125,-0.058837890625,0.01287841796875,-0.03179931640625,0.05645751953125
43,-0.697021484375,-0.333740234375,0.5625,-0.00421142578125,-0.0577392578125,0.00836181640625,-0.39404296875,-0.69677734375,0.562744140625,-0.130126953125,0.05078125,0.056396484375,-0.0146484375,-0.899169921875,0.440185546875,-0.0809326171875,0.016845703125,-0.0093994140625,0.3330078125,0.435791015625,0.840087890625,-0.04522705078125,0.0054931640625,0.0123291015625,0.236572265625,-0.737060546875,0.616455078125,-0.00909423828125,0.01129150390625,0.04449462890625
44,0.31787109375,0.895263671875,-0.142822265625,0.03314208984375,-0.0159912109375,0.04425048828125,0.396240234375,0.85693359375,-0.195556640625,-0.00091552734375,-0.0045166015625,-0.03955078125,0.283447265625,0.887451171875,-0.2734375,-0.0321044921875,-0.00262451171875,-0.02142333984375,0.09228515625,-0.345947265625,-0.95458984375,0.010498046875,-0.05133056640625,0.01947021484375,0.582275390625,-0.543212890625,-0.726806640625,0.00579833984375,0.0108642578125,0.036376953125
45,-0.225830078125,-0.866943359375,0.412841796875,0.02520751953125,0.0635986328125,0.01080322265625,0.09912109375,-0.705810546875,0.789306640625,0.0238037109375,0.0225830078125,-0.08428955078125,0.2646484375,-0.996337890625,0.060791015625,-0.00634765625,-0.04248046875,0.0135498046875,0.374267578125,0.944091796875,0.056640625,-0.00555419921875,-0.05889892578125,0.00579833984375,0.295654296875,0.9599609375,-0.1748046875,-0.0252685546875,-0.03125,0.00103759765625
46,-0.185546875,-0.575439453125,0.782958984375,-0.02801513671875,-0.0045166015625,0.03411865234375,0.323486328125,0.831298828125,0.530029296875,0.0062255859375,0.04449462890625,-0.00592041015625,0.367431640625,0.937744140625,0.151123046875,-0.006591796875,0.04425048828125,0.000732421875,0.503662109375,0.842529296875,0.200927734375,0.0146484375,0.02349853515625,-0.00335693359375,0.4287109375,0.890380859375,-0.120361328125,-0.00933837890625,0.0411376953125,-0.02447509765625
47,-0.713134765625,-0.589111328125,-0.121826171875,-0.01727294921875,-0.09515380859375,-0.03076171875,-0.257568359375,0.567626953125,0.81201171875,-0.022705078125,0.030517578125,0.03118896484375,-0.26708984375,-0.5068359375,0.81689453125,-0.03314208984375,-0.00811767578125,0.04217529296875,0.20263671875,-0.93408203125,0.357421875,0.01092529296875,-0.0386962890625,0.01165771484375,-0.083740234375,-0.807861328125,0.5302734375,-0.01971435546875,-0.01434326171875,0.01385498046875
48,0.082275390625,0.937255859375,0.2880859375,-0.04046630859375,0.01080322265625,-0.009033203125,0.419677734375,0.765869140625,-0.46484375,0.00433349609375,0.0028076171875,-0.0333251953125,0.37353515625,-0.92919921875,-0.304931640625,-0.0252685546875,-0.0013427734375,0.00567626953125,0.091796875,-0.940673828125,-0.434814453125,-0.0181884765625,-0.0146484375,-0.01123046875,0.344970703125,-0.9873046875,-0.1865234375,-0.0330810546875,0.00201416015625,-0.0185546875
49,-0.837158203125,-0.248046875,0.483154296875,-0.03729248046875,0.05902099609375,-0.01495361328125,-0.380859375,-0.575439453125,0.81005859375,0.03997802734375,0.03729248046875,0.09930419921875,0.054443359375,-0.83251953125,0.693359375,-0.04620361328125,0.04779052734375,0.09466552734375,0.440673828125,0.56396484375,0.765625,0.03277587890625,-0.0030517578125,-0.03271484375,0.403076171875,-0.64208984375,0.7421875,-0.08209228515625,0.0487060546875,-0.07257080078125
50,-0.794677734375,0.252197265625,0.49169921875,0.00390625,0.02789306640625,0.0125732421875,-0.108642578125,0.383544921875,0.96435546875,0.00140380859375,-0.0166015625,0.017333984375,0.083740234375,0.716064453125,0.75537109375,0.003662109375,-0.00115966796875,0.02734375,0.227783203125,0.586181640625,0.796142578125,0.01226806640625,-0.01953125,0.0101318359375,0.0380859375,0.859375,0.50537109375,-0.0152587890625,-0.00054931640625,0.00128173828125
51,-0.550048828125,-0.142822265625,0.776123046875,-0.01080322265625,-0.02593994140625,-0.01611328125,-0.098876953125,-0.895751953125,0.458984375,-0.04559326171875,0.02581787109375,0.008544921875,0.114990234375,-0.901123046875,0.494140625,-0.0648193359375,0.03704833984375,0.032470703125,0.0302734375,-0.886962890625,0.4677734375,-0.05224609375,0.01531982421875,0.01885986328125,0.096435546875,-0.94287109375,0.2822265625,-0.07452392578125,0.04345703125,-0.0028076171875
52,-0.601318359375,-0.321044921875,0.6064453125,-0.00927734375,0.02679443359375,0.052001953125,-0.521484375,-0.799560546875,0.385986328125,0.0411376953125,-0.0355224609375,0.0084228515625,-0.136962890625,-0.970458984375,0.27587890625,0.03607177734375,-0.03790283203125,0.0062255859375,0.264404296875,0.47509765625,0.80224609375,0.04595947265625,-0.069091796875,0.0477294921875,0.21435546875,-0.880615234375,0.380859375,0.05548095703125,-0.011474609375,-0.05364990234375
53,-0.82470703125,-0.442626953125,0.153564453125,-0.01385498046875,-0.01422119140625,0.04925537109375,-0.1572265625,0.905029296875,0.366455078125,-0.008544921875,0.00933837890625,0.046142578125,-0.02099609375,0.927490234375,0.278076171875,-0.0108642578125,0.02508544921875,0.06414794921875,0.177734375,-0.822509765625,0.517333984375,0.05389404296875,-0.0538330078125,-0.01495361328125,-0.030517578125,0.883544921875,0.30419921875,-0.01654052734375,0.03515625,0.03973388671875
54,-0.801513671875,-0.373046875,0.509521484375,-0.01361083984375,-0.0526123046875,0.00714111328125,-0.4736328125,-0.604248046875,0.7060546875,-0.07598876953125,0.00347900390625,-0.0185546875,0.01513671875,-0.885986328125,0.548095703125,-0.06854248046875,-0.0174560546875,0.04443359375,0.28857421875,0.535400390625,0.796142578125,-0.04058837890625,-0.00238037109375,0.026123046875,0.25341796875,-0.77294921875,0.576171875,-0.06805419921875,0.0054931640625,-0.019775390625
55,-0.86865234375,-0.46337890625,0.1845703125,-0.03436279296875,-0.0550537109375,-0.02276611328125,-0.2314453125,-0.79248046875,0.616943359375,-0.07012939453125,-0.0172119140625,-0.0086669921875,0.101318359375,-0.871826171875,0.55078125,-0.0791015625,-0.01812744140625,0.0360107421875,0.35107421875,0.548583984375,0.766845703125,-0.0396728515625,0.01727294921875,0.053466796875,0.041015625,0.950927734375,0.16162109375,-0.07928466796875,0.0523681640625,-0.01190185546875
56,-0.785400390625,-0.53564453125,0.36328125,-0.0556640625,-0.01104736328125,-0.00836181640625,-0.176513671875,-0.780029296875,0.64404296875,-0.05596923828125,-0.00421142578125,0.0068359375,0.171630859375,-0.8505859375,0.60546875,-0.0714111328125,-0.008544921875,0.0479736328125,0.3740234375,0.53564453125,0.79345703125,-0.05718994140625,0.01397705078125,0.0377197265625,0.056884765625,0.93408203125,0.328857421875,-0.08740234375,0.04705810546875,-0.0244140625
57,-0.6796875,-0.23095703125,0.619873046875,-0.02099609375,-0.0233154296875,0.0101318359375,0.635498046875,-0.2109375,0.792236328125,-0.00677490234375,-0.00152587890625,0.01007080078125,0.65625,0.7314453125,0.228271484375,-0.03460693359375,0.02447509765625,0.035888671875,0.845703125,0.389892578125,-0.3056640625,-0.013916015625,0.0145263671875,0.01556396484375,0.771728515625,0.58154296875,-0.270263671875,-0.04107666015625,0.0341796875,0.00537109375
58,0.18505859375,0.773681640625,-0.58251953125,-0.0247802734375,-0.08990478515625,0.01397705078125,0.22314453125,0.892822265625,-0.230712890625,-0.07623291015625,-0.0374755859375,-0.059326171875,0.105224609375,0.927978515625,-0.26123046875,-0.09393310546875,-0.0498046875,-0.0196533203125,-0.018310546875,0.15673828125,-0.8935546875,-0.23040771484375,-0.04998779296875,0.043701171875,0.0673828125,0.919921875,0.02099609375,-0.11834716796875,0.07037353515625,-0.0750732421875
59,-0.8974609375,-0.26416015625,0.15478515625,-0.02166748046875,-0.040771484375,0.0013427734375,0.0400390625,0.579833984375,0.838134765625,-0.047119140625,0.00225830078125,0.02886962890625,0.2265625,0.677001953125,0.719482421875,-0.05487060546875,0.02294921875,0.0474853515625,0.409423828125,0.447509765625,0.74560546875,-0.0357666015625,-0.00408935546875,0.049560546875,0.15478515625,0.655029296875,0.63037109375,-0.0648193359375,0.02410888671875,0.0252685546875
60,-0.812744140625,-0.516357421875,0.334716796875,-0.00018310546875,0.02099609375,-0.0323486328125,0.047607421875,-0.99267578125,0.279052734375,-0.00836181640625,0.0052490234375,-0.034912109375,0.3076171875,0.976318359375,-0.10400390625,-0.03070068359375,0.00079345703125,-0.00042724609375,0.468994140625,0.89892578125,-0.025634765625,-0.02764892578125,0.0013427734375,0.0086669921875,0.490478515625,0.845703125,-0.29541015625,-0.04656982421875,0.02838134765625,-0.011962890625
61,-0.7119140625,-0.3837890625,0.521240234375,-0.0260009765625,0.0113525390625,0.0322265625,-0.43798828125,-0.76171875,0.48974609375,0.044189453125,-0.00225830078125,0.02703857421875,-0.025146484375,-0.986083984375,0.2919921875,0.03887939453125,0.0059814453125,0.0123291015625,0.337158203125,0.43603515625,0.8310546875,0.03741455078125,-0.02459716796875,0.011962890625,0.4228515625,-0.7763671875,0.4599609375,0.08343505859375,0.04473876953125,-0.0048828125
62,-0.74462890625,-0.5693359375,-0.310791015625,-0.00927734375,-0.02105712890625,-0.03765869140625,-0.35986328125,0.539306640625,0.775390625,-0.04876708984375,-0.01251220703125,0.01080322265625,-0.332763671875,-0.5927734375,0.7392578125,-0.057373046875,-0.01611328125,-0.0025634765625,0.028076171875,-0.9833984375,0.13671875,-0.032470703125,-0.02960205078125,-0.021484375,-0.14453125,-0.881103515625,0.3740234375,-0.04986572265625,-0.0191650390625,-0.03790283203125
63,-0.151123046875,-0.64892578125,0.748291015625,0.01702880859375,0.0274658203125,0.0164794921875,0.26611328125,0.871826171875,0.48486328125,0.01690673828125,-0.01812744140625,0.01983642578125,0.32666015625,0.949951171875,0.171142578125,-0.0008544921875,-0.0010986328125,0.0518798828125,0.4599609375,0.853759765625,0.189453125,0.0111083984375,-0.02154541015625,0.0435791015625,0.340576171875,0.928466796875,-0.0576171875,-0.02008056640625,0.01385498046875,0.036865234375
64,0.067138671875,0.817138671875,-0.5556640625,-0.0516357421875,-0.00079345703125,0.01934814453125,0.32080078125,0.9453125,-0.113037109375,-0.00396728515625,0.012451171875,0.0521240234375,0.2373046875,0.9423828125,-0.1826171875,-0.004638671875,-0.00177001953125,0.06280517578125,0.189208984375,0.030029296875,-0.9716796875,0.00775146484375,0.031982421875,0.02081298828125,0.10107421875,0.966064453125,-0.11767578125,-0.00244140625,-0.016357421875,0.0401611328125
65,-0.91796875,-0.2138671875,0.07177734375,-0.031494140625,0.00592041015625,-0.014892578125,0.072509765625,0.659912109375,0.73828125,-0.0125732421875,0.025146484375,-0.0047607421875,0.182861328125,0.71826171875,0.635498046875,-0.02386474609375,0.029541015625,0.01995849609375,0.45263671875,0.606689453125,0.5810546875,-0.0418701171875,0.00213623046875,0.01361083984375,0.169921875,0.77099609375,0.4736328125,-0.038818359375,0.04608154296875,0.00152587890625
66,0.101318359375,0.82666015625,-0.55224609375,-0.08319091796875,-0.05853271484375,0.02386474609375,0.368896484375,0.890869140625,-0.176513671875,-0.021728515625,-0.02264404296875,0.078857421875,0.29345703125,0.89990234375,-0.238037109375,-0.02947998046875,0.0098876953125,0.102783203125,0.166259765625,-0.041259765625,-0.968017578125,0.04736328125,0.055908203125,0.076171875,0.15478515625,0.947265625,-0.099853515625,-0.08941650390625,-0.0084228515625,0.08587646484375
67,-0.251220703125,-0.826171875,0.51416015625,-0.023193359375,-0.00494384765625,0.0341796875,0.129150390625,-0.6953125,0.797119140625,0.07452392578125,0.01544189453125,0.00677490234375,0.286865234375,0.99853515625,0.1025390625,-0.018310546875,0.01715087890625,0.01312255859375,0.39404296875,0.94580078125,0.001708984375,-0.0096435546875,-0.00128173828125,0.00140380859375,0.295654296875,0.96630859375,-0.18896484375,-0.032470703125,0.01312255859375,-0.01165771484375
68,-0.818115234375,-0.588134765625,-0.1171875,-0.0247802734375,0.021240234375,0.007080078125,-0.186767578125,0.695556640625,0.765625,-0.017578125,-0.03515625,0.01239013671875,-0.228515625,-0.58056640625,0.838623046875,-0.03167724609375,0.05426025390625,-0.00982666015625,0.321533203125,-0.94287109375,0.294677734375,-0.0069580078125,0.007568359375,0.026611328125,-0.073486328125,-0.85546875,0.51953125,-0.0391845703125,0.031494140625,0.01080322265625
69,-0.789794921875,0.30029296875,0.47216796875,-0.01983642578125,-0.038818359375,0.01019287109375,-0.08203125,0.3876953125,0.95458984375,-0.04278564453125,0.00213623046875,0.005615234375,0.088623046875,0.70849609375,0.68408203125,-0.04803466796875,0.0130615234375,0.03546142578125,0.247314453125,0.589111328125,0.72021484375,-0.02569580078125,-0.00604248046875,0.0340576171875,0.051513671875,0.832275390625,0.40234375,-0.04681396484375,0.02142333984375,0.0164794921875
70,-0.162353515625,-0.841796875,0.51904296875,-0.044677734375,0.0115966796875,-0.00311279296875,0.156982421875,-0.761474609375,0.720458984375,-0.02001953125,0.03253173828125,0.0084228515625,0.299560546875,0.98388671875,0.119140625,-0.04815673828125,0.0098876953125,-0.00469970703125,0.374267578125,0.942626953125,0.11767578125,-0.03570556640625,-0.00457763671875,-0.01873779296875,0.22998046875,0.980224609375,-0.089111328125,-0.05316162109375,0.00811767578125,-0.03472900390625
71,-0.764404296875,0.22998046875,0.512939453125,-0.0115966796875,0.00457763671875,-0.02777099609375,-0.079345703125,0.43798828125,0.945068359375,0.01458740234375,0.0345458984375,-0.0362548828125,0.10693359375,0.763427734375,0.679443359375,-0.01116943359375,0.01763916015625,-0.02294921875,0.3359375,0.599365234375,0.718017578125,-0.00067138671875,0.006591796875,-0.03955078125,0.12646484375,0.884521484375,0.365478515625,-0.01470947265625,0.00677490234375,-0.04632568359375
72,-0.8046875,0.310302734375,0.51953125,-0.0098876953125,0.0303955078125,-0.0054931640625,-0.037841796875,0.55322265625,0.91650390625,-0.01019287109375,0.011962890625,0.0018310546875,0.169921875,0.842529296875,0.646240234375,-0.0382080078125,0.0146484375,0.01654052734375,0.344482421875,0.62158203125,0.768310546875,-0.01641845703125,-0.0015869140625,0.00018310546875,0.158203125,0.93115234375,0.381591796875,-0.04656982421875,0.0067138671875,-0.01458740234375
73,-0.779296875,-0.6806640625,-0.0693359375,-0.0277099609375,0.0205078125,0.06878662109375,0.09130859375,-0.802001953125,0.70458984375,-0.01519775390625,0.04833984375,0.02911376953125,0.434326171875,0.96142578125,-0.0263671875,-0.0152587890625,-0.01409912109375,-0.01617431640625,0.57421875,0.8515625,0.0546875,-0.00701904296875,-0.02984619140625,-0.02655029296875,0.4775390625,0.90966796875,-0.230712890625,-0.022705078125,-0.01470947265625,-0.02154541015625
74,-0.51025390625,-0.33203125,0.749755859375,0.02374267578125,-0.009765625,-0.017333984375,-0.04638671875,-0.8837890625,0.48974609375,0.0008544921875,0.02850341796875,-0.021728515625,0.17578125,-0.918212890625,0.4697265625,-0.036865234375,0.0294189453125,0.00286865234375,0.0810546875,-0.93212890625,0.416015625,-0.0140380859375,0.0152587890625,-0.00164794921875,0.180419921875,-0.977783203125,0.201904296875,-0.06134033203125,0.05133056640625,-0.00469970703125
75,-0.900634765625,-0.4599609375,-0.149169921875,-0.009033203125,0.06329345703125,-0.00677490234375,-0.06396484375,0.814453125,0.658203125,0.01922607421875,0.014404296875,-0.07513427734375,-0.198974609375,-0.36181640625,0.980224609375,-0.0311279296875,0.087158203125,-0.011474609375,0.306396484375,-0.841552734375,0.50634765625,-0.0853271484375,0.06524658203125,0.04315185546875,-0.135009765625,-0.68017578125,0.7080078125,-0.07568359375,0.10235595703125,-0.01953125
76,-0.9921875,-0.210205078125,-0.216064453125,0.01458740234375,0.009765625,-0.0220947265625,-0.12060546875,-0.02001953125,-0.913330078125,-0.0313720703125,0.0318603515625,-0.03271484375,0.1025390625,0.17041015625,-0.9375,-0.05535888671875,0.02252197265625,-0.013427734375,0.359130859375,-0.046875,-0.998779296875,-0.05023193359375,0.01947021484375,-0.00677490234375,0.10498046875,0.1962890625,0.961181640625,-0.06854248046875,0.03448486328125,-0.03375244140625
77,-0.857421875,-0.3671875,0.083740234375,0.01776123046875,-0.05218505859375,-0.07269287109375,-0.392578125,-0.793701171875,0.45751953125,-0.05755615234375,0.04473876953125,0.02569580078125,0.218505859375,-0.888427734375,0.46142578125,-0.05596923828125,0.06536865234375,-0.04052734375,0.371337890625,0.59033203125,0.618896484375,-0.04754638671875,-0.000732421875,-0.00848388671875,0.095703125,0.8583984375,0.2509765625,-0.03179931640625,0.0306396484375,-0.02642822265625
78,0.03759765625,0.937744140625,0.21826171875,-0.01153564453125,-0.00128173828125,0.03076171875,0.47021484375,0.760009765625,-0.4091796875,0.0308837890625,-0.00048828125,0.00714111328125,0.362060546875,-0.899169921875,-0.31298828125,-0.01141357421875,0.01666259765625,0.0169677734375,0.129150390625,-0.92724609375,-0.368408203125,0.00506591796875,-0.00750732421875,0.013427734375,0.31982421875,-0.952880859375,-0.12939453125,-0.0208740234375,0.01910400390625,-0.00048828125
79,-0.904296875,-0.318359375,-0.229736328125,-0.012939453125,0.0098876953125,-0.005859375,-0.152099609375,-0.155029296875,-0.988037109375,-0.01580810546875,0.00537109375,0.00665283203125,0.1123046875,0.03369140625,-0.962158203125,-0.02667236328125,0.017578125,0.0279541015625,0.320068359375,-0.14208984375,0.939697265625,-0.01007080078125,-0.007080078125,0.0269775390625,0.112548828125,0.09130859375,0.978515625,-0.04522705078125,0.0357666015625,-0.0015869140625
80,-0.4208984375,-0.33447265625,0.80419921875,-0.0069580078125,0.0623779296875,-0.00604248046875,-0.136962890625,-0.88232421875,0.468017578125,0.03033447265625,0.02508544921875,-0.0042724609375,0.0791015625,-0.925537109375,0.434814453125,0.010009765625,0.03448486328125,0.01171875,0.02099609375,-0.9541015625,0.322998046875,0.0213623046875,0.01885986328125,0.00408935546875,0.126220703125,-0.972412109375,0.154052734375,0.00115966796875,0.032958984375,0.00323486328125
81,-0.836669921875,-0.498046875,0.128662109375,-0.01629638671875,-0.01751708984375,0.01300048828125,-0.154296875,0.84033203125,0.5537109375,-0.008544921875,0.042236328125,0.007080078125,0.033447265625,0.9248046875,0.34814453125,-0.01361083984375,0.0419921875,0.02801513671875,-0.00439453125,-0.888916015625,0.478271484375,-0.01800537109375,-0.041015625,0.01483154296875,-0.108154296875,0.894775390625,0.296142578125,-0.02301025390625,0.04351806640625,0.0087890625
82,0.33837890625,0.8984375,-0.288330078125,-0.01806640625,-0.0010986328125,0.01678466796875,0.339599609375,0.923583984375,-0.110107421875,0.00653076171875,0.00396728515625,0.02227783203125,0.248046875,0.935791015625,-0.196044921875,-0.00518798828125,-0.006103515625,0.03497314453125,0.01123046875,-0.12158203125,0.975341796875,0.00872802734375,0.0111083984375,0.02130126953125,0.48388671875,-0.512939453125,-0.830078125,-0.01007080078125,0.03546142578125,0.0113525390625
83,-0.722900390625,-0.6435546875,-0.237548828125,-0.03045654296875,0.0062255859375,0.02392578125,-0.24267578125,0.53955078125,0.839111328125,0.0072021484375,0.003173828125,0.00604248046875,-0.2724609375,-0.49853515625,0.837890625,-0.0186767578125,0.0091552734375,0.03753662109375,0.177978515625,-0.919189453125,0.387451171875,0.0072021484375,-0.01617431640625,0.04541015625,-0.124755859375,-0.778076171875,0.57958984375,-0.03167724609375,0.00689697265625,0.0103759765625
84,0.279541015625,0.866455078125,-0.41357421875,-0.0318603515625,0.017578125,-0.002197265625,0.31884765625,0.91064453125,-0.22509765625,-0.03363037109375,0.0079345703125,0.0050048828125,0.201416015625,0.91064453125,-0.266357421875,-0.04144287109375,0.0164794921875,0.036865234375,0.0322265625,-0.24755859375,-0.972900390625,-0.014404296875,0.00048828125,0.00640869140625,0.501220703125,-0.660888671875,-0.671630859375,-0.01861572265625,0.02740478515625,-0.02099609375
85,-0.775634765625,-0.462646484375,0.0546875,-0.00335693359375,0.02642822265625,-0.0047607421875,-0.12744140625,0.804443359375,0.49462890625,0.01129150390625,0.004150390625,-0.0091552734375,0.0634765625,0.881103515625,0.31591796875,0.008056640625,0.00030517578125,6.103515625e-05,0.029052734375,-0.84521484375,0.49755859375,0.00372314453125,0.01116943359375,0.0030517578125,-0.0302734375,0.8603515625,0.28369140625,0.012451171875,0.003662109375,-0.0235595703125
86,-0.08056640625,-0.5947265625,0.776123046875,-0.04840087890625,0.00140380859375,0.0010986328125,0.372802734375,0.83154296875,0.455322265625,-0.01318359375,0.00726318359375,-0.02386474609375,0.419677734375,0.877685546875,0.270263671875,-0.02960205078125,0.001220703125,-0.00848388671875,0.531982421875,0.799560546875,0.248291015625,-0.01678466796875,-0.01446533203125,-0.01776123046875,0.369873046875,0.9033203125,0.02099609375,-0.0283203125,-0.00213623046875,-0.0264892578125
87,-0.9423828125,-0.31396484375,0.13232421875,0.056640625,-0.01776123046875,-6.103515625e-05,-0.068115234375,0.615478515625,0.857177734375,-0.01568603515625,-0.0042724609375,-0.017578125,0.154296875,0.7412109375,0.7216796875,-0.03240966796875,-0.0003662109375,-0.00177001953125,0.382080078125,0.53076171875,0.803955078125,-0.0267333984375,-0.00616455078125,0.0028076171875,0.107421875,0.74658203125,0.653564453125,-0.04132080078125,0.0128173828125,-0.0198974609375
88,-0.78125,-0.54150390625,-0.181640625,0.01055908203125,0.00738525390625,-0.02374267578125,-0.217041015625,0.697021484375,0.664794921875,-0.02337646484375,0.01239013671875,-0.02410888671875,-0.270263671875,-0.4970703125,0.83447265625,-0.0517578125,0.02386474609375,0.0072021484375,0.3017578125,-0.923095703125,0.27197265625,-0.03997802734375,-0.0087890625,0.02362060546875,-0.114990234375,-0.801513671875,0.52294921875,-0.06939697265625,0.0269775390625,-0.01971435546875
89,-0.653564453125,-0.287353515625,0.64453125,-0.04437255859375,-0.001220703125,0.00970458984375,-0.39013671875,-0.81396484375,0.41650390625,0.0406494140625,0.01513671875,0.017822265625,0.051513671875,-0.987548828125,0.2646484375,-0.0164794921875,0.030517578125,0.02288818359375,0.33984375,0.46484375,0.79833984375,-0.0091552734375,-0.00665283203125,-0.01568603515625,0.30322265625,-0.82421875,0.468505859375,-0.01788330078125,0.03216552734375,-0.01910400390625
90,-0.14453125,-0.668212890625,0.73388671875,-0.031005859375,0.01800537109375,0.00885009765625,0.24609375,0.816650390625,0.61474609375,0.001953125,0.00958251953125,-0.01531982421875,0.318359375,0.949951171875,0.229736328125,-0.01373291015625,0.00848388671875,0.00653076171875,0.43359375,0.88427734375,0.195068359375,0.00262451171875,-0.0086669921875,-0.00201416015625,0.30029296875,0.950439453125,-0.02001953125,-0.01959228515625,0.012939453125,-0.01348876953125
91,-0.08984375,-0.92138671875,0.382568359375,-0.004638671875,-0.0238037109375,0.022216796875,-0.0224609375,-0.76513671875,0.7109375,-0.08978271484375,-0.0587158203125,0.0509033203125,0.1494140625,0.978759765625,0.162109375,-0.04180908203125,0.0286865234375,0.02362060546875,0.302001953125,0.933349609375,0.151611328125,-0.00823974609375,0.01953125,0.0087890625,0.095703125,0.97607421875,-0.061279296875,-0.04095458984375,0.03619384765625,-0.00634765625
92,-0.78564453125,-0.655517578125,-0.0419921875,-0.0118408203125,-0.00665283203125,0.03399658203125,0.064697265625,-0.794677734375,0.66943359375,0.00555419921875,-0.00048828125,-0.0089111328125,0.367431640625,0.94970703125,-0.00146484375,0.01153564453125,0.0081787109375,0.02093505859375,0.556884765625,0.837890625,0.045166015625,0.02117919921875,-0.014892578125,0.009765625,0.470703125,0.867431640625,-0.24560546875,-0.0030517578125,0.0126953125,0.00457763671875
93,-0.71240234375,-0.247802734375,0.586181640625,-0.041259765625,0.003173828125,0.01080322265625,0.63330078125,-0.16162109375,0.804931640625,-0.0107421875,0.0201416015625,0.01519775390625,0.715576171875,0.641357421875,0.3701171875,-0.0174560546875,0.0386962890625,0.01019287109375,0.840576171875,0.486572265625,-0.27783203125,0.00555419921875,-0.0025634765625,-0.00543212890625,0.761474609375,0.6494140625,-0.1513671875,-0.01556396484375,0.0203857421875,-0.0076904296875
94,-0.76611328125,-0.4697265625,0.39111328125,-0.05487060546875,-0.02001953125,-0.01373291015625,0.02734375,0.9326171875,0.387939453125,-0.04388427734375,0.03515625,-0.01971435546875,0.2470703125,0.97216796875,-0.002197265625,-0.065673828125,0.03863525390625,-0.01165771484375,0.459716796875,0.89794921875,0.080078125,-0.0567626953125,0.0213623046875,-0.00335693359375,0.4111328125,0.89599609375,-0.225830078125,-0.0640869140625,0.0277099609375,-0.05126953125
95,-0.64208984375,-0.55859375,0.416748046875,-0.0172119140625,0.03729248046875,0.02410888671875,-0.2158203125,-0.87109375,0.42138671875,0.0504150390625,0.01715087890625,0.03216552734375,0.023193359375,-0.90625,0.4208984375,0.04364013671875,0.02264404296875,0.01666259765625,0.288818359375,0.456298828125,0.811767578125,0.03460693359375,-0.01483154296875,-0.016845703125,-0.00341796875,0.87939453125,0.326416015625,0.02099609375,-0.00164794921875,0.0037841796875
96,-0.81591796875,-0.51708984375,0.182861328125,-0.01568603515625,-0.02716064453125,-0.024169921875,-0.003662109375,0.968994140625,0.242431640625,-0.036376953125,0.02703857421875,-0.0235595703125,0.21533203125,0.94873046875,-0.18896484375,-0.04498291015625,0.02203369140625,-0.00579833984375,0.451904296875,0.900390625,-0.105224609375,-0.0426025390625,0.0150146484375,-0.00982666015625,0.44287109375,0.84033203125,-0.369140625,-0.05352783203125,0.0218505859375,-0.0380859375
97,0.15625,0.884521484375,-0.516845703125,-0.02130126953125,0.01800537109375,-0.00311279296875,0.35791015625,0.944091796875,-0.155517578125,-0.00457763671875,0.0321044921875,0.00738525390625,0.267333984375,0.950439453125,-0.242431640625,-0.0172119140625,0.0235595703125,0.02301025390625,0.1669921875,-0.25,0.98779296875,0.003662109375,-0.0028076171875,-0.0040283203125,0.101318359375,-1.0,-0.126708984375,-0.0244140625,0.02093505859375,-0.00445556640625
98,-0.685302734375,-0.3115234375,0.575927734375,-0.00885009765625,0.005615234375,-0.02532958984375,-0.358642578125,-0.80908203125,0.510009765625,-0.03021240234375,0.03045654296875,-0.01226806640625,0.076904296875,-0.9677734375,0.368896484375,-0.0548095703125,0.032470703125,0.02490234375,0.302978515625,0.40380859375,0.855712890625,-0.01177978515625,0.0169677734375,-0.00323486328125,0.354736328125,-0.85400390625,0.377197265625,-0.0509033203125,0.0091552734375,-0.02166748046875
99,-0.591796875,-0.182861328125,0.766357421875,-0.0257568359375,0.009033203125,0.00726318359375,-0.062255859375,-0.906982421875,0.5087890625,-0.00701904296875,0.01531982421875,0.0257568359375,0.145751953125,-0.93603515625,0.457275390625,-0.02813720703125,0.046630859375,0.03692626953125,0.032958984375,-0.916015625,0.45361328125,-0.0225830078125,-0.007080078125,0.06201171875,0.147705078125,0.98828125,0.185546875,-0.06683349609375,0.03546142578125,0.0223388671875
100,-0.897216796875,-0.3056640625,0.28564453125,-0.01324462890625,0.0018310546875,0.00494384765625,0.003662109375,0.55078125,0.904052734375,-0.01263427734375,0.01031494140625,0.01348876953125,0.192626953125,0.650634765625,0.77880859375,-0.0233154296875,0.0159912109375,0.03411865234375,0.385498046875,0.398193359375,0.83447265625,-0.02789306640625,-0.0079345703125,0.03662109375,0.15673828125,0.677734375,0.65673828125,-0.03778076171875,0.0341796875,0.0152587890625
101,0.158935546875,0.88720703125,-0.39990234375,0.00250244140625,0.02642822265625,-0.02142333984375,0.372802734375,0.935791015625,-0.058349609375,-0.02606201171875,0.0296630859375,-0.03253173828125,0.32666015625,0.9306640625,-0.14892578125,-0.04962158203125,0.03533935546875,0.00250244140625,0.138671875,-0.3076171875,-0.944580078125,-0.0517578125,-0.0220947265625,-0.01324462890625,0.566650390625,-0.57763671875,-0.6923828125,-0.0357666015625,-0.0020751953125,-0.0413818359375
102,-0.89208984375,-0.390380859375,0.077392578125,-0.00689697265625,-0.04443359375,-0.00091552734375,-0.27978515625,-0.69775390625,0.68896484375,-0.07086181640625,-0.04345703125,-0.08721923828125,0.122314453125,0.5615234375,0.866455078125,-0.06964111328125,0.0054931640625,0.047607421875,0.413330078125,0.373046875,0.83837890625,-0.0462646484375,-0.019775390625,0.04656982421875,0.091796875,0.59423828125,0.756103515625,-0.07916259765625,-0.000732421875,0.022705078125
103,-0.7041015625,-0.70166015625,-0.071533203125,-0.01373291015625,-0.0291748046875,0.00543212890625,-0.30517578125,0.557373046875,0.818603515625,0.01068115234375,0.01080322265625,0.00616455078125,-0.28564453125,-0.54150390625,0.833740234375,-0.0111083984375,0.01318359375,0.03155517578125,0.208251953125,-0.929931640625,0.3671875,0.0079345703125,-0.01654052734375,0.0181884765625,-0.0869140625,-0.82666015625,0.52490234375,-0.025390625,0.008544921875,0.0145263671875
104,-0.21875,-0.887939453125,0.39501953125,-0.07489013671875,-0.01043701171875,-0.0460205078125,0.035400390625,-0.779296875,0.696044921875,-0.08453369140625,0.017578125,0.02825927734375,0.204833984375,0.955322265625,0.163818359375,-0.06658935546875,0.03875732421875,0.00567626953125,0.333251953125,0.92041015625,0.110107421875,-0.04339599609375,0.02655029296875,-0.01080322265625,0.181884765625,0.9580078125,-0.0703125,-0.06439208984375,0.0374755859375,-0.02801513671875
105,-0.251220703125,-0.56689453125,0.81103515625,-0.02490234375,0.0362548828125,-0.03692626953125,0.356201171875,0.889892578125,0.46044921875,-0.03594970703125,-0.02093505859375,-0.0447998046875,0.417236328125,0.94970703125,0.188232421875,-0.0489501953125,-0.02996826171875,-0.0120849609375,0.531982421875,0.864013671875,0.14697265625,-0.03851318359375,-0.0421142578125,-0.0174560546875,0.439697265625,0.9208984375,-0.092041015625,-0.05511474609375,-0.03289794921875,-0.02410888671875
106,-0.6953125,-0.283447265625,0.585205078125,-0.02947998046875,-0.00421142578125,-0.0111083984375,0.532470703125,-0.176025390625,0.874267578125,-0.03131103515625,0.014892578125,0.0040283203125,0.698486328125,0.65673828125,0.39599609375,-0.03240966796875,0.02392578125,0.01336669921875,0.776611328125,0.579345703125,-0.270263671875,-0.0186767578125,-0.00152587890625,-0.0029296875,0.709716796875,0.695556640625,-0.181396484375,-0.0399169921875,0.01422119140625,-0.0166015625
107,-0.896240234375,-0.48876953125,-0.069091796875,-0.0369873046875,0.03387451171875,0.00927734375,-0.087646484375,0.760498046875,0.709228515625,0.02081298828125,0.02215576171875,-0.01751708984375,-0.175537109375,-0.44970703125,0.9375,-0.00164794921875,0.0379638671875,0.03564453125,0.354736328125,-0.909423828125,0.36865234375,-0.00048828125,0.009033203125,0.038330078125,-0.09130859375,-0.74658203125,0.6630859375,-0.0347900390625,0.03472900390625,0.0242919921875
108,-0.80126953125,0.343017578125,0.532958984375,-0.01885986328125,-0.01409912109375,-0.00390625,-0.068603515625,0.5478515625,0.938720703125,-0.0235595703125,-0.00439453125,-0.00909423828125,0.112548828125,0.84423828125,0.666015625,-0.05364990234375,0.00213623046875,0.00909423828125,0.319580078125,0.72314453125,0.678955078125,-0.05706787109375,-0.008544921875,0.0013427734375,0.140869140625,0.92578125,0.38330078125,-0.0684814453125,0.01165771484375,-0.02056884765625
109,0.333984375,0.91455078125,-0.310302734375,-0.08489990234375,-0.007080078125,0.00152587890625,0.3388671875,0.943603515625,-0.14111328125,-0.06451416015625,-0.03631591796875,0.0020751953125,0.254638671875,0.945068359375,-0.220947265625,-0.04815673828125,-0.0391845703125,0.0458984375,0.051025390625,-0.1796875,0.989013671875,-0.00299072265625,0.02435302734375,0.05462646484375,0.57177734375,-0.661865234375,-0.6416015625,-0.062744140625,0.04962158203125,0.0009765625
110,0.0224609375,0.964111328125,0.176513671875,-0.0078125,-0.0130615234375,0.04583740234375,0.44677734375,0.77783203125,-0.418212890625,0.011474609375,-0.01904296875,-0.0009765625,0.36767578125,-0.83935546875,-0.421875,0.0106201171875,0.03076171875,0.0211181640625,0.10595703125,-0.9033203125,-0.4296875,0.03228759765625,0.00128173828125,0.0113525390625,0.382080078125,-0.93505859375,-0.1494140625,0.0028076171875,0.02655029296875,0.00146484375
111,-0.8505859375,-0.468017578125,0.203369140625,-0.0313720703125,0.01861572265625,0.009033203125,-0.168212890625,-0.795166015625,0.6455078125,-0.01153564453125,0.02227783203125,0.00244140625,0.182861328125,-0.833740234375,0.623046875,-0.04705810546875,0.02044677734375,0.0250244140625,0.363037109375,0.545166015625,0.783447265625,-0.0135498046875,-0.00836181640625,0.01092529296875,0.0361328125,0.917724609375,0.367431640625,-0.03485107421875,0.00762939453125,-0.01214599609375
112,-0.45654296875,-0.327392578125,0.800537109375,0.03125,0.020263671875,-0.02471923828125,-0.1552734375,-0.868896484375,0.467041015625,-0.02178955078125,0.02398681640625,-0.00628662109375,0.039306640625,-0.91845703125,0.44970703125,-0.03961181640625,0.0184326171875,0.019775390625,-0.01416015625,-0.918701171875,0.38330078125,-0.02581787109375,0.011474609375,0.00714111328125,0.107177734375,-0.9697265625,0.16748046875,-0.05145263671875,0.026611328125,-0.00360107421875
113,-0.92626953125,-0.388671875,0.106201171875,-0.03228759765625,-0.006591796875,-0.02001953125,-0.14453125,-0.7822265625,0.684326171875,-0.044921875,0.00457763671875,0.00238037109375,0.15771484375,0.591552734375,0.87744140625,-0.04248046875,0.03466796875,0.019287109375,0.486083984375,0.44873046875,0.80517578125,-0.023193359375,0.02008056640625,0.01995849609375,0.15478515625,0.658935546875,0.74169921875,-0.0511474609375,0.03802490234375,-0.008544921875
114,-0.026123046875,0.93701171875,0.199462890625,-0.00811767578125,-0.01202392578125,0.007080078125,0.3603515625,0.79931640625,-0.4091796875,-0.0196533203125,-0.01434326171875,-0.04052734375,0.31591796875,-0.829345703125,-0.399169921875,-0.03253173828125,-0.005126953125,0.05169677734375,0.026123046875,-0.87109375,-0.437744140625,-0.02801513671875,-0.01641845703125,0.05291748046875,0.2333984375,-0.939697265625,-0.1328125,-0.0543212890625,0.01458740234375,0.02880859375
115,-0.753662109375,-0.63427734375,-0.2314453125,-0.01611328125,-0.0426025390625,-0.02362060546875,-0.29931640625,0.61962890625,0.7744140625,-0.00555419921875,0.01324462890625,-0.01513671875,-0.35986328125,-0.43359375,0.8251953125,-0.04443359375,0.0126953125,0.02215576171875,-0.013427734375,-0.915771484375,0.376708984375,-0.023193359375,-0.01580810546875,0.00250244140625,-0.212646484375,-0.76904296875,0.513671875,-0.05078125,-0.00067138671875,0.0042724609375
116,-0.80712890625,-0.4775390625,0.3115234375,-0.0177001953125,0.00714111328125,0.0074462890625,0.01171875,0.982177734375,0.255859375,-0.002685546875,0.0040283203125,-0.00177001953125,0.289306640625,0.970703125,-0.1005859375,-0.0177001953125,0.0103759765625,0.0152587890625,0.496826171875,0.880615234375,0.031982421875,-0.00677490234375,0.0025634765625,0.005126953125,0.50341796875,0.84765625,-0.263916015625,-0.0283203125,0.02166748046875,-0.005859375
117,-0.594970703125,-0.249755859375,0.708740234375,-0.03619384765625,-0.000732421875,-0.0201416015625,0.6953125,-0.137939453125,0.79638671875,-0.03955078125,0.00897216796875,-0.00421142578125,0.730224609375,0.61572265625,0.451904296875,-0.0621337890625,0.03057861328125,0.00048828125,0.888916015625,0.39697265625,-0.375732421875,-0.024658203125,-0.00628662109375,-0.00750732421875,0.826171875,0.572998046875,-0.237060546875,-0.04150390625,0.00311279296875,-0.02264404296875
118,-0.843505859375,-0.427001953125,0.0986328125,-0.0147705078125,0.02630615234375,0.01434326171875,-0.05908203125,-0.831298828125,0.6015625,0.022705078125,0.00762939453125,-0.00238037109375,0.184326171875,0.479248046875,0.885009765625,-0.0045166015625,0.01239013671875,0.010986328125,0.442626953125,0.345458984375,0.8203125,0.00213623046875,-0.01409912109375,-0.00689697265625,0.1611328125,0.5419921875,0.780029296875,-0.0120849609375,0.023193359375,-0.01971435546875
119,-0.9580078125,-0.168701171875,-0.25,-0.03558349609375,0.01129150390625,0.03948974609375,-0.14990234375,-0.007080078125,-0.9560546875,0.025634765625,0.00848388671875,-0.0006103515625,0.087158203125,0.16357421875,-0.965087890625,0.01104736328125,0.020751953125,0.01361083984375,0.301513671875,-0.10986328125,0.974365234375,0.02490234375,-0.0118408203125,-0.0008544921875,0.070068359375,0.14013671875,0.94775390625,0.0009765625,0.03253173828125,-0.0120849609375
120,-0.866943359375,-0.430908203125,0.134521484375,0.015625,0.02276611328125,0.0181884765625,0.020263671875,0.51806640625,0.90380859375,0.01507568359375,-0.0194091796875,-0.00653076171875,0.07666015625,0.66259765625,0.77783203125,0.00067138671875,-0.0177001953125,0.02069091796875,0.3046875,0.50634765625,0.7998046875,0.0015869140625,-0.03900146484375,0.01190185546875,0.055419921875,0.71484375,0.63671875,-0.0120849609375,-0.01507568359375,0.00823974609375
121,-0.7548828125,-0.520751953125,0.34521484375,6.103515625e-05,0.01605224609375,-0.015625,0.074462890625,0.95751953125,0.296142578125,-0.009521484375,-0.0068359375,-0.023193359375,0.295654296875,0.947998046875,-0.05810546875,-0.0286865234375,-0.011962890625,0.0093994140625,0.486328125,0.85791015625,0.029052734375,-0.0213623046875,-0.01312255859375,0.007568359375,0.447021484375,0.855712890625,-0.22607421875,-0.04022216796875,0.00872802734375,-0.00152587890625
122,-0.9150390625,-0.44873046875,0.02587890625,0.00909423828125,0.0018310546875,0.02032470703125,-0.174072265625,-0.828857421875,0.615966796875,0.00970458984375,0.0001220703125,-0.03118896484375,0.085205078125,0.5830078125,0.869873046875,-0.02301025390625,-0.017578125,0.0240478515625,0.3857421875,0.37451171875,0.854736328125,-0.01898193359375,-0.0347900390625,0.0111083984375,0.091064453125,0.6220703125,0.74365234375,-0.0323486328125,-0.00506591796875,0.001708984375
123,-0.87548828125,-0.52783203125,-0.10205078125,-0.01165771484375,0.04559326171875,0.00262451171875,-0.19482421875,0.774658203125,0.701904296875,0.0152587890625,0.01556396484375,-0.033203125,-0.2763671875,-0.492919921875,0.88037109375,-0.0008544921875,0.04248046875,0.0264892578125,0.246337890625,-0.911865234375,0.35546875,0.00286865234375,0.013671875,0.0263671875,-0.160888671875,-0.802978515625,0.53466796875,-0.0269775390625,0.0260009765625,0.02325439453125
124,-0.67333984375,-0.270263671875,0.63525390625,-0.0028076171875,0.04150390625,-0.00811767578125,0.60693359375,-0.22265625,0.841064453125,0.004638671875,0.02789306640625,-0.02862548828125,0.703125,0.673583984375,0.40625,-0.136962890625,0.01092529296875,-0.0093994140625,0.850830078125,0.422607421875,-0.364501953125,-0.06201171875,-0.0379638671875,0.00360107421875,0.773681640625,0.661376953125,-0.254638671875,-0.06341552734375,-0.002197265625,-0.01068115234375
125,-0.714111328125,-0.529052734375,0.233642578125,-0.0047607421875,-0.0218505859375,0.0164794921875,-0.19091796875,-0.86328125,0.482177734375,-0.02001953125,-0.00640869140625,-0.0645751953125,0.079833984375,-0.921142578125,0.462158203125,-0.0443115234375,-0.00384521484375,-0.035400390625,0.29931640625,0.605712890625,0.71923828125,-0.057861328125,-0.0313720703125,0.0172119140625,0.007568359375,0.866455078125,0.3525390625,-0.06787109375,-0.0126953125,0.00830078125
126,-0.942138671875,-0.404296875,0.100830078125,0.0006103515625,-0.0133056640625,-0.0369873046875,-0.1044921875,-0.84521484375,0.616943359375,-0.04608154296875,0.03204345703125,0.00830078125,0.19775390625,0.57373046875,0.890869140625,-0.05975341796875,0.0179443359375,-0.00653076171875,0.501220703125,0.3427734375,0.84228515625,-0.04730224609375,0.01812744140625,0.0035400390625,0.19970703125,0.593017578125,0.75244140625,-0.06427001953125,0.02764892578125,-0.02545166015625
127,-0.7138671875,-0.453369140625,0.42431640625,-0.02691650390625,-0.0155029296875,-0.00030517578125,-0.013671875,-0.624267578125,0.842529296875,-0.034912109375,-0.014404296875,0.00286865234375,0.035888671875,-0.751708984375,0.72412109375,-0.05523681640625,-0.00067138671875,0.02728271484375,0.408447265625,0.581787109375,0.662841796875,-0.00115966796875,0.0130615234375,0.0205078125,0.09423828125,0.87841796875,0.321533203125,-0.02239990234375,0.037109375,0.001708984375
128,-0.8955078125,-0.4873046875,-0.135009765625,-0.0250244140625,0.0101318359375,0.01959228515625,-0.09326171875,0.7822265625,0.7060546875,0.00115966796875,0.01318359375,-0.00146484375,-0.20166015625,-0.491455078125,0.91943359375,-0.035400390625,0.01611328125,0.01971435546875,0.343994140625,-0.9248046875,0.293212890625,-0.008056640625,-0.00701904296875,-0.00341796875,-0.07421875,-0.8046875,0.5771484375,-0.05377197265625,0.0068359375,-0.001708984375
129,-0.6708984375,-0.408935546875,0.5478515625,-0.0018310546875,0.010498046875,-0.00836181640625,0.05859375,-0.78857421875,0.672119140625,0.0050048828125,0.0057373046875,-0.0185546875,-0.061767578125,-0.818359375,0.618896484375,-0.008056640625,0.02032470703125,-0.0062255859375,0.353271484375,0.634521484375,0.6689453125,-0.0203857421875,-0.03106689453125,0.00665283203125,-0.01025390625,0.861328125,0.401611328125,-0.0291748046875,-0.0098876953125,-0.0006103515625
130,-0.91455078125,-0.139892578125,-0.235595703125,-0.021728515625,0.0174560546875,0.0020751953125,-0.136474609375,-0.071044921875,-0.984375,-0.007080078125,0.01190185546875,-0.00738525390625,0.1328125,0.139892578125,-0.98388671875,-0.02313232421875,0.019775390625,0.0093994140625,0.307861328125,-0.108642578125,0.941162109375,-0.01300048828125,0.00750732421875,-0.00396728515625,0.079833984375,0.149658203125,0.9345703125,-0.0328369140625,0.027587890625,-0.020263671875
131,0.1708984375,0.8671875,-0.529052734375,-0.03118896484375,0.0457763671875,0.03411865234375,0.38134765625,0.902099609375,-0.2470703125,-0.00372314453125,0.00067138671875,-0.026611328125,0.285888671875,0.933837890625,-0.293212890625,-0.01715087890625,-0.0223388671875,-0.00091552734375,0.171630859375,-0.1025390625,0.986328125,-0.03076171875,-0.021240234375,0.010498046875,0.13427734375,0.97802734375,-0.17041015625,-0.00982666015625,-0.0419921875,-0.02874755859375
132,-0.721923828125,-0.577392578125,0.017578125,-0.0115966796875,0.0396728515625,0.020751953125,0.146728515625,-0.72998046875,0.715576171875,-0.02447509765625,0.02996826171875,0.01165771484375,0.379150390625,0.92578125,-0.07275390625,-0.0361328125,0.00299072265625,-0.01043701171875,0.533447265625,0.84375,-0.0771484375,-0.0250244140625,-0.00885009765625,-0.01849365234375,0.462158203125,0.858642578125,-0.26220703125,-0.039306640625,0.00469970703125,-0.03277587890625
133,-0.854736328125,-0.588623046875,0.129638671875,-0.0191650390625,0.05230712890625,0.023193359375,-0.259521484375,0.912353515625,0.497802734375,0.02886962890625,0.00372314453125,0.0159912109375,-0.11669921875,-0.957275390625,0.21337890625,0.015625,0.010498046875,0.02374267578125,-0.0849609375,-0.85400390625,0.6357421875,-0.00567626953125,0.01324462890625,0.0252685546875,-0.18505859375,-0.992431640625,0.224365234375,-0.00201416015625,0.0142822265625,-0.01068115234375
134,-0.814208984375,-0.401611328125,0.129638671875,0.0472412109375,0.0635986328125,-0.06103515625,0.047607421875,0.5087890625,0.861572265625,0.04046630859375,0.06488037109375,-0.095703125,0.148193359375,0.641357421875,0.744873046875,-0.00439453125,0.0283203125,-0.08953857421875,0.341796875,0.479736328125,0.78466796875,-0.0322265625,0.04571533203125,-0.08026123046875,0.0537109375,0.689208984375,0.611572265625,-0.0018310546875,0.042236328125,-0.107421875
135,-0.708251953125,-0.50732421875,0.458984375,-0.02154541015625,0.02142333984375,0.01177978515625,0.069091796875,-0.688232421875,0.803955078125,0.00482177734375,0.00823974609375,0.0123291015625,-0.02734375,-0.73974609375,0.740478515625,-0.00927734375,0.00762939453125,0.0284423828125,0.35888671875,0.60546875,0.728515625,0.00146484375,-0.00140380859375,0.00579833984375,-0.046142578125,0.91748046875,0.33984375,-0.0174560546875,0.01885986328125,-0.00634765625
136,-0.694091796875,-0.37548828125,0.548828125,-0.0126953125,-0.00238037109375,0.03302001953125,-0.437744140625,-0.791259765625,0.482177734375,0.0123291015625,-0.01385498046875,-0.0030517578125,-0.00732421875,-0.980712890625,0.3525390625,-0.0064697265625,-0.00439453125,-0.01776123046875,0.306396484375,0.427978515625,0.83935546875,0.0155029296875,-0.06085205078125,0.0274658203125,0.275146484375,-0.84716796875,0.47509765625,-0.0128173828125,-0.00390625,-0.0350341796875
137,-0.81787109375,-0.38623046875,0.140380859375,-0.0325927734375,-0.026611328125,-0.0023193359375,-0.08642578125,0.8310546875,0.4716796875,-0.04302978515625,0.01910400390625,-0.01751708984375,0.06640625,0.89013671875,0.265625,-0.054443359375,0.02178955078125,0.0074462890625,0.1962890625,-0.841796875,0.4580078125,-0.02008056640625,-0.01226806640625,0.03082275390625,-0.018310546875,0.843017578125,0.25341796875,-0.0469970703125,0.029541015625,-0.00958251953125
138,-0.82470703125,-0.459716796875,0.198974609375,-0.00408935546875,0.00946044921875,-0.00042724609375,-0.064208984375,0.848388671875,0.521240234375,-0.00018310546875,-0.00653076171875,-0.01336669921875,0.12646484375,0.9169921875,0.35400390625,-0.017333984375,-0.001953125,0.00457763671875,0.020751953125,-0.85498046875,0.51953125,0.008056640625,0.00506591796875,-0.0054931640625,-0.03076171875,0.889892578125,0.33447265625,-0.02142333984375,-0.00018310546875,-0.014892578125
139,-0.951416015625,-0.1806640625,-0.248291015625,-0.01483154296875,0.0206298828125,0.025634765625,-0.1005859375,-0.05126953125,-0.9326171875,-0.00732421875,0.027587890625,-0.0118408203125,0.1552734375,0.13671875,-0.93408203125,-0.02581787109375,0.0201416015625,0.00592041015625,0.34130859375,-0.085205078125,0.96728515625,-0.01513671875,0.010009765625,-0.0023193359375,0.12158203125,0.162109375,0.970458984375,-0.03533935546875,0.03369140625,-0.01971435546875
140,-0.82958984375,-0.54052734375,-0.090087890625,-0.02166748046875,-0.01165771484375,-0.02545166015625,-0.11181640625,0.707763671875,0.75830078125,-0.03216552734375,0.04144287109375,-0.01043701171875,-0.199951171875,-0.507080078125,0.865478515625,-0.05841064453125,0.01409912109375,0.03228759765625,0.343505859375,-0.917236328125,0.375244140625,-0.019287109375,-0.02569580078125,0.03741455078125,-0.065185546875,-0.8046875,0.574951171875,-0.055908203125,-0.0072021484375,0.01507568359375
141,-0.8203125,-0.72509765625,-0.194580078125,-0.16461181640625,0.06610107421875,0.0816650390625,-0.0966796875,-0.922119140625,0.50048828125,-0.1141357421875,-0.0040283203125,0.08343505859375,0.182373046875,0.89453125,-0.036376953125,-0.0296630859375,0.0433349609375,-0.0128173828125,0.34619140625,0.840087890625,-0.05517578125,-0.0025634765625,0.02459716796875,-0.0140380859375,0.2373046875,0.818359375,-0.35400390625,-0.01715087890625,0.0321044921875,-0.022216796875
142,-0.97412109375,-0.248779296875,-0.0634765625,0.01226806640625,-0.00128173828125,-0.0855712890625,-0.37646484375,-0.77685546875,0.585205078125,-0.09033203125,0.067138671875,-0.02490234375,0.329345703125,-0.831298828125,0.565673828125,-0.09234619140625,0.039794921875,0.0533447265625,0.467041015625,0.6474609375,0.587890625,-0.09442138671875,0.0233154296875,0.001220703125,0.215087890625,0.89697265625,0.173583984375,-0.0701904296875,0.01873779296875,-0.06915283203125
143,-0.8046875,-0.525146484375,0.25146484375,-0.027099609375,-0.07525634765625,0.00726318359375,-0.22314453125,-0.85400390625,0.53564453125,-0.0828857421875,-0.05914306640625,-0.04833984375,0.06982421875,-0.89794921875,0.5361328125,-0.10504150390625,-0.049072265625,0.00531005859375,0.27685546875,0.593505859375,0.770263671875,-0.04779052734375,-0.00323486328125,0.0751953125,-0.04345703125,0.913330078125,0.299560546875,-0.0806884765625,0.05712890625,0.0313720703125
144,-0.829833984375,-0.455810546875,0.369873046875,-0.02239990234375,0.01983642578125,-0.00146484375,-0.46484375,-0.70703125,0.525390625,-0.0015869140625,0.0142822265625,0.00958251953125,0.07666015625,-0.917724609375,0.504150390625,-0.03045654296875,0.03558349609375,0.022216796875,0.4033203125,0.604248046875,0.79296875,-0.013671875,0.0111083984375,-0.01336669921875,0.460693359375,-0.689697265625,0.676025390625,-0.077880859375,0.0323486328125,0.0255126953125
145,-0.8603515625,-0.4072265625,0.126953125,-0.03631591796875,0.01910400390625,0.0042724609375,-0.185546875,-0.80517578125,0.59375,0.0159912109375,0.01220703125,0.02154541015625,0.118408203125,0.550537109375,0.846435546875,-0.009765625,0.0257568359375,0.01422119140625,0.41015625,0.361572265625,0.827392578125,0.0072021484375,0.009765625,0.0029296875,0.09033203125,0.58984375,0.734619140625,-0.0172119140625,0.0308837890625,-0.0068359375
146,-0.6845703125,-0.671630859375,-0.030517578125,0.03253173828125,-0.08856201171875,-0.0533447265625,-0.2490234375,0.526123046875,0.848876953125,-0.0145263671875,-0.0355224609375,-0.006103515625,-0.2802734375,-0.570556640625,0.775634765625,-0.03448486328125,-0.007568359375,0.0152587890625,0.1943359375,-0.948974609375,0.31005859375,-0.013671875,-0.03228759765625,-0.0098876953125,-0.07470703125,-0.85400390625,0.47412109375,-0.0284423828125,-0.0098876953125,-0.01409912109375
147,-0.728515625,-0.454345703125,0.339111328125,-0.0096435546875,-0.0477294921875,-0.00579833984375,0.04248046875,-0.726806640625,0.7255859375,-0.04217529296875,-0.03106689453125,-0.014404296875,-0.1005859375,-0.761962890625,0.66650390625,-0.06744384765625,-0.00897216796875,0.0113525390625,0.279296875,0.65966796875,0.64111328125,-0.03106689453125,0.0015869140625,0.03546142578125,-0.05126953125,0.882080078125,0.2626953125,-0.068603515625,0.00885009765625,0.01007080078125
148,-0.728515625,-0.648193359375,-0.083251953125,0.0125732421875,0.0093994140625,0.0172119140625,0.111572265625,-0.759033203125,0.707763671875,-0.0101318359375,0.01361083984375,-0.01153564453125,0.37646484375,0.974853515625,0.0166015625,-0.03057861328125,-0.00372314453125,0.010009765625,0.55859375,0.87451171875,0.0166015625,-0.02947998046875,-0.01470947265625,0.00628662109375,0.476806640625,0.88623046875,-0.283935546875,-0.05023193359375,-0.003173828125,-0.0120849609375
149,-0.85546875,-0.4404296875,0.185791015625,-0.0069580078125,-0.0186767578125,0.00054931640625,-0.092041015625,0.911376953125,0.397705078125,-0.03253173828125,0.0068359375,-0.011474609375,0.073974609375,0.982666015625,0.208984375,-0.0550537109375,0.0130615234375,0.00897216796875,0.1328125,-0.80078125,0.6416015625,-0.0843505859375,0.00054931640625,0.04034423828125,0.07763671875,0.96875,0.21337890625,-0.0667724609375,0.0244140625,-0.02545166015625
150,-0.781494140625,-0.599853515625,-0.12939453125,0.01141357421875,0.037841796875,0.036865234375,0.019775390625,-0.794677734375,0.668212890625,-0.056884765625,0.07049560546875,0.03839111328125,0.34033203125,0.9384765625,-0.000732421875,-0.05096435546875,-0.0220947265625,-0.0091552734375,0.492431640625,0.843505859375,0.019287109375,-0.04754638671875,-0.02862548828125,-0.00921630859375,0.38134765625,0.873046875,-0.27734375,-0.05450439453125,-0.0260009765625,-0.0186767578125
151,-0.891357421875,-0.39111328125,0.099853515625,-0.0064697265625,-0.014404296875,-0.025390625,-0.204833984375,-0.72900390625,0.681396484375,-0.04852294921875,0.01959228515625,0.00115966796875,0.161376953125,0.506103515625,0.88330078125,-0.0487060546875,0.03436279296875,0.006103515625,0.448974609375,0.30712890625,0.82275390625,-0.03692626953125,0.01641845703125,0.0155029296875,0.125244140625,0.54443359375,0.752685546875,-0.057373046875,0.0384521484375,-0.0126953125
152,-0.949951171875,-0.255859375,-0.281005859375,-0.05987548828125,0.0048828125,0.02166748046875,-0.12646484375,0.00830078125,-0.947265625,-0.00701904296875,0.0059814453125,0.00653076171875,0.129150390625,0.150390625,-0.9482421875,-0.01666259765625,0.01763916015625,0.02587890625,0.335693359375,-0.005859375,0.963134765625,0.00115966796875,-0.004150390625,0.01812744140625,0.086181640625,0.24609375,0.94189453125,-0.02593994140625,0.01739501953125,0.00592041015625
153,-0.0625,-0.6728515625,0.713134765625,0.00518798828125,0.02899169921875,0.0157470703125,0.172607421875,0.769287109375,0.65234375,0.0166015625,-0.015380859375,0.0032958984375,0.232177734375,0.927490234375,0.312744140625,0.00128173828125,-0.007568359375,0.02984619140625,0.3173828125,0.880126953125,0.308349609375,0.01226806640625,-0.029296875,0.02130126953125,0.210205078125,0.9560546875,0.042724609375,-0.01251220703125,-0.00482177734375,0.01776123046875
154,0.349609375,0.947509765625,-0.339111328125,-0.013671875,0.04547119140625,0.07635498046875,0.368896484375,0.95068359375,-0.207275390625,0.06536865234375,-0.01800537109375,-0.00933837890625,0.259765625,0.960693359375,-0.257568359375,0.046142578125,-0.00701904296875,-0.01287841796875,0.066162109375,-0.15869140625,0.973876953125,0.0609130859375,-0.0443115234375,0.00555419921875,0.6181640625,-0.608154296875,-0.6923828125,0.0345458984375,0.01025390625,0.0439453125
155,-0.223388671875,-0.89501953125,0.405517578125,-0.08477783203125,-0.10504150390625,-0.034423828125,-0.05517578125,-0.773193359375,0.65185546875,-0.118408203125,-0.02703857421875,0.0499267578125,0.173828125,0.948486328125,0.1103515625,-0.09637451171875,0.083740234375,0.0225830078125,0.27587890625,0.949462890625,0.083740234375,-0.0660400390625,0.068115234375,0.0216064453125,0.1220703125,0.961181640625,-0.186279296875,-0.09954833984375,0.08087158203125,-0.029296875
156,-0.6513671875,-0.3154296875,0.515625,0.00946044921875,0.0560302734375,-0.00299072265625,-0.448486328125,-0.757080078125,0.502197265625,0.0047607421875,0.0245361328125,0.05328369140625,0.032958984375,-0.940185546875,0.385009765625,0.04730224609375,0.020263671875,-0.00146484375,0.317138671875,0.40478515625,0.8017578125,0.03179931640625,-0.041259765625,-0.02056884765625,0.38525390625,-0.7216796875,0.505859375,-0.00286865234375,0.03826904296875,-0.03192138671875
157,-0.923095703125,-0.315185546875,0.2138671875,-0.00982666015625,-0.00250244140625,0.016845703125,0.012939453125,0.5810546875,0.885009765625,-0.01275634765625,-0.00390625,0.002685546875,0.2109375,0.70458984375,0.757080078125,-0.01922607421875,0.00897216796875,0.0203857421875,0.369140625,0.50634765625,0.811767578125,-0.00531005859375,-0.00872802734375,0.0137939453125,0.153076171875,0.7568359375,0.607421875,-0.027099609375,0.014892578125,0.000244140625
158,-0.69775390625,0.397705078125,0.541015625,0.0185546875,-0.00030517578125,-0.00921630859375,-0.03857421875,0.50634765625,0.926025390625,0.008544921875,0.0152587890625,-0.017333984375,0.13916015625,0.799560546875,0.654052734375,-0.0216064453125,0.01043701171875,-0.00543212890625,0.357177734375,0.57373046875,0.787841796875,-0.02288818359375,0.001220703125,-0.0225830078125,0.157958984375,0.889404296875,0.407470703125,-0.03314208984375,0.00604248046875,-0.04412841796875
159,-0.79931640625,-0.565673828125,0.307373046875,-0.0096435546875,-0.0042724609375,-0.07330322265625,-0.2265625,-0.83740234375,0.56884765625,-0.14337158203125,0.05548095703125,-0.01324462890625,0.1044921875,-0.90087890625,0.541015625,-0.157958984375,0.0421142578125,0.0762939453125,0.338623046875,0.57958984375,0.761474609375,-0.07867431640625,0.03515625,-0.00201416015625,0.047119140625,0.95263671875,0.21826171875,-0.07232666015625,0.0198974609375,-0.06072998046875
